Year,Month,Region,Household_Members,Monthly_Household_Income_SGD,Fridge_Count,Aircon_Unit_Count,Aircon_Avg_Hours_Per_Day,Television_Count,Television_Avg_Hours_Per_Day,Computer_Count,Computer_Avg_Hours_Per_Day,Fan_Count,Fan_Avg_Hours_Per_Day,Light_Count,Light_Avg_Hours_Per_Day,Monthly_Energy_Consumption_kWh
2016,Aug,South,5,7550,1,1,7.3,3,3.3,3,2.7,3,3.7,17,1.8,1039.1
2016,Oct,North,1,6650,1,3,5.1,2,3.2,2,3.7,1,3.1,11,3.3,631.3
2016,Jun,Central,1,6900,1,0,0,3,1.9,2,3.8,1,5.7,12,3.8,283.1
2010,Jan,North,1,8000,1,2,1.6,2,2.2,1,1.3,3,1,11,3.9,111.6
2016,Nov,West,1,6350,1,0,0,3,2.5,2,2.9,3,7.1,12,5.9,301.7
2012,Mar,Central,1,8900,1,0,0,1,1.5,3,1.8,1,6.7,12,5.9,325.8
2013,Feb,East,1,7250,1,0,0,3,3.2,3,6,1,5.1,10,1.7,300.9
2016,Nov,West,1,6650,1,0,0,2,2.8,3,3,3,1.1,9,1.1,250.2
2015,Jan,North,1,3050,1,2,1.8,1,3.2,1,3.9,3,2.7,6,5.5,288
2016,Jun,Central,1,6100,1,0,0,3,2.9,2,2.5,1,6,13,1.8,273.9
2011,Mar,Central,1,5100,1,2,6.6,3,3.6,3,1.3,3,3.9,7,1,586.6
2015,Jan,East,1,1050,1,1,5.1,3,1.6,2,0.7,3,6.6,9,1.8,118
2015,Aug,North,3,6550,1,2,5.8,2,3.5,1,3.1,3,6.2,10,3.1,511.6
2015,Oct,East,1,7500,1,3,6.8,2,1.1,2,2.6,1,5.1,12,1.6,727.7
2016,Jul,North,1,6200,1,2,2.9,1,2.3,1,3.3,1,7,7,3.6,296.7
2015,Mar,South,3,3950,1,2,0.5,2,2.1,1,2.9,2,3.1,5,3.9,218.9
2010,Nov,East,1,9300,1,0,0,2,2.1,1,2.8,1,1.9,10,1.1,251.1
2013,Feb,West,1,3050,1,2,3.1,2,2.3,0,0,1,2.9,5,3.2,288.1
2016,Sep,North,1,5550,1,3,6.7,2,2.9,3,3,3,6.6,9,5.9,781.2
2016,Apr,West,1,5050,1,0,0,1,0.9,3,2.3,2,1.6,9,5.5,192.8
2015,Dec,Central,1,6700,1,0,0,3,3.2,1,1.8,2,7.8,12,5.2,283.3
2016,Jun,South,1,3000,1,0,0,1,1.9,2,1.5,2,3.6,7,1.2,192.8
2010,Nov,North,6,6850,1,5,8.2,3,3,1,1.7,3,1.8,13,5.1,1250
2016,May,West,2,1550,1,2,6,1,3.3,2,3.6,2,7,1,2.5,100.1
2012,Jun,East,2,2700,1,3,2.8,2,3.1,3,3,1,6.3,8,5.3,392.7
2012,Aug,West,1,2000,1,0,0,1,2.1,2,1.5,2,3.5,7,3.3,162.9
2012,Feb,North,1,13116,2,0,0,2,1.7,3,5.2,3,3.8,11,5.5,352.7
2010,Jun,East,1,6800,1,2,1.5,2,2.7,2,1.8,3,5.2,10,1.9,353.5
2011,Jan,West,8,10750,1,3,6.5,1,5.6,5,1.7,9,5,17,7.1,917
2016,Oct,North,1,5950,1,0,0,3,2.8,3,2.6,1,1.2,9,1.9,203
2011,Aug,West,3,3550,1,2,6.2,1,2.7,2,0.3,1,10.3,8,5.7,159.8
2013,Oct,East,6,17821,2,5,6.9,1,1.5,6,1.1,1,1.5,16,1.9,1250
2016,Nov,West,6,5700,2,2,7,3,1.2,5,3.2,3,1,11,1.1,719.6
2012,Mar,East,2,1900,1,0,0,2,2.8,3,3.1,2,3,7,2.1,203.6
2013,Mar,East,2,5150,1,0,0,2,2.1,2,3.3,3,8,8,5.8,185.1
2010,Feb,East,1,5350,1,3,5.1,3,2.9,2,3.8,2,6.9,9,5.6,595.3
2011,Nov,North,1,5800,1,1,6,3,3.8,1,3.3,2,5.3,7,6.2,821.8
2012,Aug,Central,1,1900,1,3,7.1,3,3.5,3,2.8,3,5.1,12,5.5,715.2
2013,Feb,West,7,8100,1,3,7,1,1.1,1,3.6,3,5.1,16,1.3,858.1
2015,Dec,North,2,3850,1,2,1.9,2,3.2,2,5.2,1,1.8,7,5.1,398.5
2015,Oct,East,1,8150,1,3,5.1,2,3.7,2,1.8,3,3.1,11,1.1,635.6
2016,Apr,West,3,5850,1,3,2.5,1,2.3,2,3.5,3,1.2,12,5.1,111.1
2011,Sep,East,3,3900,1,2,1.6,1,3.6,3,2.8,3,1.1,10,1.1,158.1
2016,Jul,Central,1,5950,1,0,0,3,2.5,0,0,1,8.7,9,2.1,203.1
2011,Dec,North,1,6150,1,3,5.5,3,2.3,3,1.2,1,3.1,13,1.5,711.1
2016,Jun,Central,2,1900,1,2,1,1,1.3,2,1.2,1,3.1,6,3.5,381.9
2015,Apr,East,1,6800,1,2,5.6,3,1.3,2,2.3,3,5.3,11,1.8,506.2
2012,Apr,North,1,2550,1,1,1.7,1,3.6,0,0,3,5,8,2,217.9
2012,Dec,North,1,5150,1,2,2.5,2,3.3,3,1.8,2,5.3,9,1.8,336.7
2011,Feb,Central,5,5150,1,2,1.7,2,3,1,2.5,3,1.1,10,6,175.9
2011,May,North,1,5800,1,3,6.9,1,3.1,1,5.6,2,3.3,11,1.7,771
2016,Apr,West,2,3600,1,0,0,2,1.1,1,5.2,1,3.3,7,2.6,206.1
2011,Dec,West,1,12218,2,1,5.6,2,3.7,3,3.9,1,1.1,12,5.3,787.1
2010,Apr,Central,3,2550,1,0,0,3,3.2,2,3.3,1,2.2,9,1.3,270.1
2011,Oct,South,2,2000,1,0,0,2,1.8,0,0,3,7.9,8,6.1,205.6
2012,Jul,East,1,7900,1,0,0,3,3.8,3,2.3,2,8.5,13,1.1,306.5
2011,Feb,East,9,10300,2,5,7.7,1,3.8,7,3.7,8,5.1,20,1.7,1250
2012,Apr,Central,6,7300,1,3,3.9,1,2.8,1,2.6,3,1,13,1.7,571.2
2011,Apr,West,5,5650,1,0,0,1,3.7,3,1.2,3,5.1,15,5.7,321.1
2016,Mar,Central,6,7000,2,0,0,1,1.2,3,2.2,3,1,11,3.5,329.8
2011,Nov,South,5,5200,2,0,0,2,1.6,2,3.1,3,6.1,15,5.8,371.7
2012,Aug,South,6,8100,1,5,3.8,1,1.1,5,1.6,3,5.2,13,1.9,785.9
2013,Oct,West,2,1200,1,0,0,1,3.1,3,2.7,2,5.6,7,5,199.7
2016,Sep,West,1,5700,1,0,0,2,2.7,2,2.6,3,5.9,11,5.9,219.1
2010,Dec,West,2,5050,1,0,0,2,1.9,3,3.5,3,6.8,6,3.1,202.2
2015,Sep,West,3,3100,1,0,0,3,3.1,2,1.9,1,6.1,9,5.8,257
2011,Jan,Central,1,7650,1,0,0,2,1.2,3,1,1,1.7,9,6.8,287.2
2012,Jul,West,5,10150,1,0,0,3,3.9,1,1,3,3.7,12,1.6,365.9
2015,Apr,Central,6,7750,1,0,0,2,3.5,1,2.6,3,2,12,5.8,333.2
2011,Feb,North,7,9000,1,0,0,1,3.5,5,1.2,8,6.9,12,3.6,111.1
2010,May,North,6,9700,2,3,7.8,3,2.3,3,2.9,2,2.8,10,5.1,782.8
2011,May,Central,2,3600,1,0,0,3,2.9,1,2.8,1,5,7,6,209.5
2011,Oct,North,6,5250,1,0,0,1,1.1,3,2,1,2.6,15,1.2,250.3
2016,May,West,1,6150,1,3,6.1,3,3.3,3,2.6,3,6.2,6,1,662.2
2010,Jul,Central,1,7650,1,3,8.6,1,5.1,5,2.3,1,5.8,11,1.9,1036.5
2010,Apr,East,3,18719,1,5,8.8,3,2.1,5,6.3,2,6.1,11,5.5,1250
2010,Oct,North,6,9250,1,0,0,1,1.8,5,2.9,3,6,11,5.9,372.2
2016,Dec,East,10,11700,1,3,7.3,1,5.9,7,7.3,9,1.6,20,1.8,1196.1
2015,Jan,North,1,7600,1,2,5.3,1,2.3,3,3.7,3,1.8,12,5.2,562.5
2016,Apr,West,3,6600,1,3,1,2,2.3,0,0,3,1.3,12,1.2,530.8
2011,Aug,East,1,8600,1,0,0,2,1.5,3,1.1,3,6.1,12,6.6,227.7
2011,Aug,East,7,10150,2,1,1.8,1,1.2,6,2.1,3,5.8,11,6.7,939.1
2015,Oct,Central,2,2000,1,1,2.1,2,1,2,0.3,1,1.8,8,2.2,216.1
2015,Mar,North,5,7250,2,3,1.6,3,1,2,2.6,3,6.1,11,5.8,671.8
2013,Nov,East,1,1750,1,0,0,1,1.3,1,0.8,3,5.1,8,1.7,216.8
2013,Dec,West,1,6800,1,0,0,3,3.1,2,5.7,3,1.7,13,1.5,231.5
2012,Aug,Central,1,10100,1,0,0,1,2.7,3,3.3,2,8.8,12,1,287.1
2015,Jun,Central,1,8050,1,2,5.2,3,1.5,3,2.3,1,1.7,12,1.5,176.8
2010,Jan,Central,5,5100,2,1,7,3,3.9,1,1.2,3,3.5,12,1.8,1091.5
2013,Apr,West,5,7000,1,0,0,3,2.3,5,2.8,3,8,11,5.6,356
2011,Aug,South,1,2000,1,0,0,2,2.3,1,1.6,1,6.3,6,2.2,191.5
2012,Jun,North,1,5700,1,2,5.7,3,1.8,3,1.5,3,7.3,12,5.5,508.8
2012,May,North,2,5150,1,2,2.9,2,2.3,2,7.1,1,6.2,8,5.2,339.9
2016,Aug,East,1,6500,1,0,0,2,2.9,3,2.3,1,3.2,13,3.3,219.7
2016,Nov,North,8,12000,1,1,9.1,1,1.8,1,1,3,5.7,15,5.9,1250
2011,Dec,West,1,3250,1,0,0,3,1.1,3,2.6,1,5.1,11,1.6,257.6
2011,Nov,North,2,1800,1,0,0,1,1.3,1,1.5,3,1,8,1,167.5
2011,Nov,North,3,3100,1,3,1.9,2,1.5,3,2.7,1,1.1,7,3.5,362.8
2015,Jan,East,3,3050,1,0,0,3,1.2,2,1.5,3,5.3,9,5.7,280.1
2015,Nov,North,1,18281,1,1,8.3,3,1.7,5,5.8,1,6.1,13,5.3,1231.1
2010,Mar,East,5,6850,2,0,0,3,3.7,1,1.5,3,6.5,11,1.3,360.2
2016,Nov,South,1,8800,1,0,0,3,2.6,3,1.9,1,6.9,13,3.5,291.6
2011,Jan,North,2,16711,2,1,5.8,3,2,2,5.3,3,2,11,1.8,710.3
2016,Mar,East,1,7600,1,1,5,3,2.1,2,1.2,3,1.8,8,2.8,725.3
2011,Jan,South,1,1200,1,0,0,2,3.3,1,5,1,3.5,7,1.6,186.2
2015,Oct,West,3,6800,1,0,0,2,1.5,2,2.6,3,1.9,13,3.1,220.7
2010,Feb,West,3,5700,1,0,0,3,3.5,2,1.5,2,7,10,5.8,218.6
2013,Oct,East,5,2200,2,0,0,3,5.3,2,3,3,5.8,9,5.2,312.7
2013,Nov,East,3,6750,1,1,5.1,3,1.1,3,3.9,3,2.1,9,5,627.3
2013,Jul,West,3,6500,1,0,0,1,3.6,1,3.3,3,1.2,9,1.2,263.5
2016,Aug,Central,8,9850,2,3,8,1,1.6,1,3.1,3,3.7,17,5.7,983
2011,Apr,North,2,3650,1,2,1.6,2,2.6,0,0,3,3.1,5,5.2,235.2
2012,Oct,East,10,10550,1,0,0,1,1.1,6,1.5,8,5.2,20,6.1,166.9
2011,Mar,North,9,11150,1,5,8,1,3.8,5,2.8,3,2.7,18,1.2,1250
2011,Jul,West,1,6200,1,2,6.1,3,3.6,5,2.3,1,1.8,13,5.2,621.3
2010,May,North,5,10200,2,1,1.8,2,3.3,1,3.2,3,5.7,13,1.5,808.2
2011,Jun,West,1,1750,1,0,0,3,2.5,2,1.1,3,1.1,8,1.2,225.9
2011,Sep,South,1,6650,1,3,2.5,2,2.6,3,3.5,3,1,11,1.7,398.2
2011,May,East,1,6050,1,1,3.5,2,3.3,2,3,2,5.2,7,1,292.8
2010,Jun,West,1,7050,1,0,0,3,5.1,1,5.9,1,5.7,11,3,301.6
2015,Feb,North,5,18085,2,5,8.8,1,1.1,5,2.1,3,2,16,1.9,1250
2016,Jun,East,2,6100,1,3,6.1,1,5.2,3,3.5,3,2.8,7,1.1,811.8
2012,Mar,West,3,2600,1,0,0,1,2.5,3,3.2,1,7.2,11,1.1,191.3
2010,Jan,South,5,7200,2,2,5,3,1.1,5,2,3,1.9,12,1.8,599.3
2013,Aug,North,3,1900,1,0,0,2,1.8,2,2.2,1,1,9,3.6,186.7
2012,Feb,West,5,8700,1,3,5.9,3,1,3,3.1,1,1.8,11,1,666.1
2010,Sep,South,9,9100,1,1,9.1,1,3.5,6,1.5,3,3.5,18,6.1,1233.7
2012,Oct,South,1,8000,1,1,2.5,2,3.3,5,3.1,3,1.3,11,1.1,172.3
2015,Feb,North,2,15191,1,0,0,3,3.9,1,3.5,2,6.9,8,1.5,219.2
2011,Jul,North,5,6350,1,3,7.1,3,2.8,3,1.9,1,8,11,1.8,770.8
2012,Apr,South,1,8250,1,3,6.1,3,1.5,3,2.3,1,1.9,12,1.9,770.9
2016,Aug,North,1,1100,1,0,0,2,3.9,3,3.3,3,7.1,9,1.5,302.6
2010,Apr,North,3,1300,1,0,0,2,1.6,0,0,3,8.2,9,1.2,191.1
2011,Mar,North,2,2000,1,3,5.9,2,2.1,1,3.7,2,1.1,9,1.6,511.5
2012,Sep,Central,5,9150,1,3,7.6,1,1.6,3,2.1,3,3.9,16,5.1,985.5
2010,Nov,East,2,1850,1,0,0,2,2.9,2,1.3,3,1.5,8,3.5,179.6
2011,Dec,Central,3,6100,1,0,0,1,2.2,2,1.6,1,5.5,10,3.1,237.6
2012,Aug,South,3,7250,1,3,6.1,2,2.9,3,7.1,3,1.5,10,3.1,695.6
2011,Mar,East,6,12178,1,3,3.7,3,2.5,3,5.5,3,3.6,16,1.7,561.8
2010,Mar,West,2,1150,1,0,0,2,1.6,2,1.5,3,5,10,2.6,222.1
2011,Aug,North,1,6350,1,1,2.1,3,2.9,3,2.1,1,2.3,9,1.6,155.1
2011,Jan,North,2,1100,1,2,6.1,2,3,1,1.1,3,1.5,7,7.2,185.9
2011,Jun,East,2,2150,1,0,0,1,1.9,0,0,2,1.2,10,3.5,203.6
2012,Jul,West,5,6700,1,2,3.3,3,2.8,5,1.1,1,5.3,10,1.5,131.1
2016,Aug,West,1,7700,1,3,8.1,3,2.2,1,2,3,3.1,11,1.3,876.7
2011,May,East,1,2800,1,0,0,1,2,0,0,1,2.6,7,1.5,116
2013,Dec,East,6,9100,1,0,0,3,3.8,1,1,3,3.9,13,3.3,295.7
2012,Jun,North,6,6900,1,0,0,3,1.5,1,0.8,3,5.1,11,5.6,351.5
2015,Jan,West,1,1350,1,0,0,1,5.7,1,3.3,2,1,10,1.1,232
2016,Nov,East,1,5850,1,0,0,3,2.1,2,2.5,1,7.3,11,5.6,289
2012,Nov,North,5,6100,1,0,0,1,1.8,3,2.1,1,3.1,12,6.6,280.2
2013,Nov,South,2,1000,1,3,3.5,1,3.2,1,0.9,2,1.7,10,1.9,398.3
2013,Apr,West,2,3650,1,0,0,1,2.2,0,0,3,3,6,3.1,151.1
2016,Jan,North,3,7300,1,1,3.6,2,2.9,2,2.2,2,2.3,11,3.5,521.9
2012,Feb,Central,3,5550,1,2,7.3,1,2.9,2,0.3,3,5.1,9,3.6,563.7
2016,Jan,East,2,6600,1,0,0,2,1.7,1,2.5,3,2.7,9,7.1,256.2
2011,Dec,West,1,13895,1,3,6,3,3.9,1,1.6,3,3.2,11,1.2,738
2011,Feb,North,1,2000,1,0,0,1,2,0,0,2,1.5,1,1.3,110.9
2011,Jan,West,7,6700,1,3,1.1,1,3.3,3,2.1,8,1.3,18,1.9,690.5
2011,Jan,North,2,2000,1,0,0,2,3.1,2,2.7,1,3.8,6,3.6,181.7
2013,Jan,West,7,7700,2,1,7.3,1,2.8,3,2.1,3,6.1,13,1.1,1121.5
2015,Dec,East,3,5750,1,2,1.2,1,3.3,2,3.6,3,6.6,12,3.7,138.3
2015,Sep,Central,3,6700,1,0,0,2,3.5,3,1.3,2,1.1,9,5.7,279.8
2013,May,South,3,5100,1,1,5.3,3,1.8,1,3.5,3,5.1,10,1.3,738.9
2011,Nov,East,5,5850,2,3,6.9,3,3.1,3,1.6,3,1.1,10,1.1,707.8
2011,Sep,North,3,5050,1,0,0,2,2.9,3,6.1,3,6,8,1.2,371.3
2010,Mar,West,5,8600,2,1,3.6,1,1.3,1,5,3,1.5,12,2.6,681.9
2011,Feb,East,10,12000,2,1,8.7,1,1.8,5,1.6,8,6.5,19,6.3,1250
2011,Oct,Central,7,13121,2,3,7.8,1,3.7,5,0.9,3,2.7,16,5.8,977.9
2015,Apr,North,3,1350,1,0,0,2,1.2,2,1.1,1,7.6,11,5.2,295.5
2011,May,Central,5,6050,1,0,0,1,3.6,1,1.5,3,3.7,11,1.3,291.3
2011,Dec,West,1,5000,1,2,7.1,1,3,3,2,1,6.8,15,3.2,589.6
2010,Aug,East,3,5900,1,0,0,2,3.6,2,1.1,3,1.6,12,1.8,275.9
2010,Nov,East,3,6750,1,0,0,2,1.1,1,1.6,3,2.9,11,5.3,219.3
2012,Jun,West,3,1700,1,0,0,2,2.7,2,5.1,3,5.3,12,6.9,211.1
2016,Sep,West,3,7250,1,0,0,3,3,2,2.8,3,6,9,5.5,292.7
2013,Aug,West,6,7650,1,0,0,3,1.3,1,2.5,3,1.9,16,1.9,532.9
2015,Feb,West,1,2200,1,1,5.1,2,3.9,0,0,2,2.9,1,5.6,266.9
2015,Jan,Central,7,11500,2,5,5.5,1,2.7,1,1.5,1,1,11,1.1,936.6
2010,Dec,West,3,6050,1,0,0,3,1,2,5.6,1,6.2,11,1.3,231
2012,May,Central,5,7750,2,3,5.6,1,1.5,1,2.8,1,3.9,11,1.7,768.1
2015,Oct,East,3,7100,1,2,3.2,2,1.9,2,3,1,1.7,7,5,359.1
2011,Sep,North,5,9150,1,0,0,1,2.1,1,5.3,3,6.6,11,3.6,301.1
2010,Dec,South,2,6050,1,0,0,2,3.2,1,2.8,2,3.5,10,3,181.2
2012,Jul,East,1,6350,1,0,0,1,3.3,1,1.1,3,5.3,15,3.8,260.9
2015,May,North,9,7600,2,3,7.2,1,1.5,5,1.9,3,5.1,17,1.6,971.5
2012,Oct,North,3,11055,1,2,7.8,3,3.2,2,3.9,2,3.7,10,1.2,607.8
2010,Jan,North,3,3300,1,0,0,2,3.2,2,1.1,3,3.1,9,1.9,168
2010,Dec,Central,1,5650,1,3,6.3,2,3.1,1,5.1,3,6.5,15,1.3,752.3
2016,Aug,Central,1,11098,2,0,0,2,3.1,3,5.1,1,3.5,15,2.3,336.1
2011,Jan,North,1,5950,1,2,5.9,2,5.3,3,3.8,2,2.3,12,1.8,539.1
2010,Jul,East,5,1850,1,0,0,3,1.8,2,3.1,1,5.9,12,1.1,267.2
2013,May,North,1,1150,1,0,0,1,1.1,1,2.7,1,3.9,8,1.5,115.7
2013,Mar,Central,2,2000,1,2,1.3,2,2.8,0,0,2,3.1,8,2.8,106.1
2010,Apr,Central,1,6900,1,3,7.2,2,2.6,2,3.1,3,3.3,13,5.1,771.5
2011,Apr,North,5,11550,1,0,0,2,3.1,3,2.6,1,2,16,5.7,278
2015,Jun,East,5,6650,2,0,0,3,1.1,1,5.5,3,8.2,11,5.6,371.1
2013,Dec,Central,1,1650,1,0,0,1,0.1,2,1.1,3,1.8,11,5.1,218.8
2011,Dec,East,10,12000,2,5,9.9,1,1,5,6.6,3,3.9,20,6.1,1250
2010,May,Central,3,5000,1,0,0,2,3.5,3,6.7,3,5.6,9,1,281.3
2013,Dec,West,2,1600,1,2,2,1,3,2,3.6,2,5.2,8,1.3,273.9
2011,Oct,North,6,6100,2,2,6.1,1,1.1,3,1.1,3,1.5,11,5.6,658.6
2012,Oct,South,3,3750,1,2,1.1,3,3.1,3,1.7,1,5.1,10,1.8,396.8
2016,May,Central,1,1550,1,0,0,2,2.5,2,1.6,1,5.5,11,1.5,293.1
2016,Nov,North,1,6150,1,1,8.5,2,2.1,5,6.3,2,1.3,11,1.6,516.7
2015,Mar,North,3,7100,1,0,0,2,3.7,2,3.9,3,1.8,11,3.1,215.1
2013,Sep,East,1,9700,1,0,0,3,2.7,3,6.6,3,6.8,13,3.7,306.1
2011,Dec,North,2,16715,1,1,9.8,3,2.8,3,5.1,3,6,11,3.1,1082.3
2012,Oct,South,5,6100,1,0,0,3,3.7,1,1.9,3,1.6,16,5.1,319.3
2016,Oct,North,1,7350,1,3,3.3,3,3.8,2,3.6,1,5.5,11,1.9,509.8
2013,Jul,Central,1,2150,1,2,3.8,2,1.2,1,3.7,1,5.5,7,1.8,318.1
2011,May,West,1,2800,1,0,0,2,1,2,1.7,1,2.6,11,3.8,257.8
2011,Mar,North,1,1150,1,2,5.8,1,1.6,3,2.1,3,1,10,7,529.9
2012,Jul,East,10,12000,2,1,1.6,1,1.9,5,5.6,9,1.9,20,1.5,1013.5
2015,Sep,East,1,8000,1,0,0,3,3.6,2,2.9,1,8,11,6.1,288.1
2016,Oct,West,3,5750,1,0,0,2,3.3,2,3,3,8,10,6.3,273.5
2015,Apr,Central,6,9100,1,0,0,3,3.2,1,2.5,3,5.3,16,3.1,338
2016,Jun,North,1,5500,1,0,0,2,3.8,3,1,1,1.7,13,3.9,235
2013,Dec,South,10,10250,1,0,0,1,1.3,6,0.3,8,7.1,20,5.5,122.3
2011,Oct,North,3,1650,1,0,0,1,2.1,1,3.3,3,6.1,10,1.1,251.2
2011,Dec,South,3,2000,1,1,3.6,1,3.5,1,1.1,3,5.5,9,1.1,271.8
2016,May,East,3,5100,1,0,0,1,3.1,1,3.5,3,8.1,10,6.5,290.1
2013,May,West,2,2000,1,0,0,1,1.8,1,0.5,2,8,6,6.7,197.7
2015,Sep,West,1,5850,1,0,0,1,1.8,0,0,1,2.5,5,3.7,130.2
2015,Apr,North,1,2600,1,0,0,1,3.8,2,2.9,2,6.5,1,6.1,131
2011,Nov,East,8,10500,1,2,6.3,1,1.5,5,1.1,3,8,15,1,709.9
2011,Sep,West,1,3250,1,0,0,1,2,0,0,2,5.9,9,1.1,197.5
2015,Nov,North,1,9150,1,1,5.3,3,3.2,1,5.3,3,1.3,12,1,808.8
2011,Aug,West,5,9350,2,3,5.6,3,3,3,1,3,2.8,15,3,661.1
2013,Mar,West,2,3800,1,1,5.6,2,2.3,1,3.6,1,6.3,10,7.1,316.6
2011,Nov,East,2,3800,1,0,0,2,2.1,2,1.6,1,7.8,9,3,232.1
2011,Apr,Central,3,2350,1,0,0,3,2.3,3,3.1,1,3.1,13,1.8,213.7
2015,Jan,West,3,1550,1,0,0,1,1.2,1,3,3,1.3,10,6.7,258.6
2015,Nov,Central,3,6700,1,0,0,3,1.2,1,1.1,3,5.9,7,3.7,227.5
2016,Jun,North,3,8000,1,3,7.1,2,0.1,2,1.7,3,3,12,3.3,670.1
2011,Sep,East,3,1150,1,2,5.1,2,3.8,2,3.1,1,2.9,6,6.7,158.2
2011,Mar,West,2,1950,1,0,0,2,2.9,3,2.9,3,6.6,7,3.2,211.9
2013,Oct,North,7,7500,2,5,6.3,1,2.6,5,2.6,3,6.9,17,6.2,1250
2015,Oct,East,2,5300,1,1,8.7,1,1.1,2,1.6,1,1,1,1.9,1115.9
2015,Feb,North,1,6950,1,3,5.8,3,2.3,2,0.3,3,3.2,13,1,552.2
2010,Jul,Central,6,8800,2,3,5.1,3,2.9,3,2.5,3,5.1,13,3.8,739
2016,Jan,North,1,5200,1,0,0,3,2.8,2,1.3,3,5.3,11,2.8,279.7
2010,Jun,Central,2,5600,1,2,2.9,2,0.9,1,3.8,3,1.3,8,3.7,311.1
2011,Jun,North,6,7950,2,0,0,3,2.2,3,1.9,1,5.9,11,5,308.5
2015,Sep,Central,1,9950,1,2,7.8,3,3.9,1,3,1,5.6,13,1.2,702.3
2011,Jun,North,2,5700,1,3,5.5,2,3.3,1,1.7,1,3,5,2.5,570
2013,Oct,West,2,3850,1,0,0,3,3.6,3,3.3,2,10,9,3.8,222.9
2015,Nov,South,6,10100,2,2,8.6,1,3.3,5,5.9,3,5.9,12,6.5,881.5
2011,Aug,West,1,1100,1,1,8.5,2,2.8,3,2.6,3,3.1,7,1.6,1082.9
2011,Aug,North,3,1750,1,2,1.6,3,3.1,1,5.1,3,6.7,9,1.7,197.9
2010,Nov,East,7,8650,2,0,0,3,5.3,1,3.1,8,1.8,18,1.6,722.2
2013,Sep,Central,5,7300,1,0,0,3,1.2,1,1.7,3,1.7,11,5.6,283
2015,Apr,South,6,1250,1,1,7.9,3,2.8,3,1.9,3,3.3,11,6.3,1003.5
2011,Aug,West,3,1850,1,0,0,2,1.7,3,3.5,3,3.5,7,5.6,221.8
2011,May,West,1,6350,1,0,0,2,1.8,2,2.9,1,5.1,8,1.9,291.9
2010,Jan,West,5,5950,1,3,5.5,1,3.2,1,3.5,3,1.2,12,5.5,721.3
2010,Jul,South,3,1550,1,2,1.1,2,3.7,2,3.6,2,8.3,8,3.2,165.8
2010,Sep,North,6,9750,2,2,5.1,3,3.5,5,1.1,3,2.6,15,6.2,577.5
2012,Nov,East,3,5150,1,0,0,2,2.7,0,0,2,1.6,8,2.9,205.2
2011,Jul,North,3,2900,1,3,6.1,2,1.1,0,0,3,6.8,8,3.7,596.1
2012,Dec,Central,1,5150,1,0,0,2,2.2,3,1.2,3,5.2,11,5,269
2010,Apr,South,3,3700,1,3,1.1,1,2.7,1,3.5,3,5.6,9,5.8,562.2
2015,Nov,Central,1,5050,1,0,0,2,3.1,2,5.2,1,1,9,2.6,258
2015,Aug,South,2,5150,1,1,6.1,1,1,2,2.2,1,6,5,1.6,323.9
2012,Mar,North,5,8850,2,3,3.8,3,1,1,3.9,1,5.8,13,5.2,592.1
2010,Jul,East,1,1700,1,0,0,2,2,2,2.1,1,5.3,6,1,153.1
2011,Oct,Central,2,2200,1,1,1.2,2,1.8,0,0,1,5.2,5,1.6,258.5
2016,Mar,North,3,5500,1,2,5,3,3,2,1.8,1,5.6,5,1.2,185.1
2012,Dec,West,5,7150,2,3,6.1,2,3.2,3,0.3,3,1.1,11,1.5,752.7
2011,Jan,East,5,9950,2,3,6.1,3,1.1,5,1.8,3,2.1,11,6.2,811.7
2016,Apr,West,1,5200,1,0,0,1,1.1,1,1.5,1,5.3,6,1.8,166.1
2013,Nov,East,3,1350,1,1,2.5,2,1.2,1,0.6,1,1.8,8,1.2,118.2
2012,Apr,East,3,6900,1,3,1.6,2,3.6,2,1.1,1,5.8,10,1.1,191.3
2015,Apr,West,3,3150,1,3,5.2,2,2.1,2,0.5,3,5,8,5.5,615
2015,Aug,East,1,2000,1,0,0,1,1,1,3.8,1,6.1,6,3.1,181.3
2011,Nov,Central,3,8000,1,3,5,2,3.9,2,5.1,3,1,12,1.2,591.5
2011,Jun,Central,1,6200,1,0,0,3,3.1,2,1.7,3,3,10,5.2,262.2
2013,Sep,West,3,3500,1,0,0,3,2.6,3,0.3,3,5.2,6,2.3,192
2016,Feb,West,7,8950,1,1,2.3,1,1.3,3,2.5,3,3.2,16,6,570
2015,Mar,West,3,2150,1,2,7.6,2,1.7,2,2.9,2,1.9,7,5.1,199.8
2010,Sep,East,3,5350,1,0,0,2,2.9,2,3.6,3,3.6,9,3.2,252.8
2010,May,North,5,1000,2,0,0,3,1.5,2,1.1,3,8.1,10,6.2,310.6
2011,Sep,North,5,5650,1,2,7.3,3,3,1,1,3,5,11,2.7,590.1
2013,Aug,West,3,8050,1,1,5.3,2,2.9,1,3.5,3,6.2,9,1.7,712
2012,Mar,South,5,6500,2,0,0,3,3.8,1,3.8,3,1.6,11,5,372.1
2016,Sep,South,3,5300,1,0,0,2,2.5,2,3.9,2,6.7,8,3.8,218.8
2013,Jan,West,1,5750,1,0,0,3,1.1,3,3.9,1,1,10,1.7,277.3
2011,Jan,West,2,5350,1,2,2.5,2,1.1,0,0,2,7.6,5,2.1,280.5
2011,Sep,South,2,1600,1,0,0,2,2.8,2,2.3,1,6.7,7,1.3,208.2
2011,Dec,East,5,7800,1,0,0,3,3,1,1.8,1,8.8,13,1.6,317.7
2013,Mar,South,1,6300,1,0,0,2,2.1,3,1.1,1,6,12,5.2,298.8
2013,Jul,West,1,5200,1,0,0,2,2.2,2,2.9,3,3.1,8,5.3,215
2012,Dec,Central,1,6100,1,0,0,1,1.9,3,3,1,2.3,12,3.3,212
2011,Jan,East,3,6150,1,3,5,3,2.5,0,0,3,3.1,11,2,561.9
2011,Sep,West,5,5800,2,2,1.3,3,1.1,2,2.8,3,6.8,12,1.7,515.8
2016,Nov,West,1,5100,1,2,0.5,1,1.9,2,2.7,3,3.5,11,5,262.3
2011,Nov,West,3,5700,1,0,0,1,2.8,3,5.1,3,8.6,9,3.2,262.6
2011,Apr,Central,2,8300,1,0,0,2,1.9,2,3.9,3,5.5,7,5.9,217.9
2011,Apr,West,7,8650,1,0,0,1,1,6,3.9,3,1.9,17,1.6,111.1
2016,Aug,North,3,3100,1,1,5.1,2,3.8,2,2,2,2.1,11,1.1,618.3
2011,Jan,Central,5,1900,1,2,6.1,3,3.7,3,2.1,3,5.1,12,1.9,561.1
2011,Aug,South,1,7600,1,2,3.5,3,3.5,1,1.5,1,7,7,5.3,123.8
2012,Mar,Central,6,8500,2,0,0,3,1.1,1,3.3,3,1.3,17,1.3,137.9
2013,Jan,East,6,8950,1,3,9.5,1,5.8,3,2.6,8,3.8,12,5.1,909.1
2011,May,North,3,2000,1,0,0,1,1.1,3,5.1,1,2.6,10,3.8,221.5
2011,Jul,East,3,3350,1,3,7.2,1,1.8,1,3.9,2,1.6,8,2.6,738.2
2011,May,South,2,3100,1,0,0,1,1.8,1,5.2,2,3.5,7,1.6,185.1
2013,Feb,North,3,1500,1,0,0,2,2.2,1,0.7,2,3.2,11,1,171.1
2013,Jul,West,3,7900,1,2,1.2,2,5.2,3,3.1,2,3,10,5.2,198.8
2010,Nov,North,6,6050,1,3,5.7,3,3.9,3,2.2,3,5.9,15,5.6,700
2010,Dec,North,1,2350,1,0,0,2,2.7,3,1.1,1,1.1,7,2.7,189.1
2016,Jul,East,1,16111,1,1,8.5,3,3.7,5,1.2,1,1,13,1.1,1101.9
2011,Apr,West,2,1050,1,2,3.8,1,1.2,1,1.6,1,5.1,8,1.6,388.1
2016,Sep,West,3,3950,1,1,5.2,2,2,2,2.9,2,5.1,5,1.6,317.2
2010,Nov,East,3,1350,1,3,3.8,2,2.7,2,1.5,3,1.3,9,1.1,173
2011,May,South,3,6100,1,1,6.7,1,3.9,1,5.2,3,1.7,8,1.2,761.7
2010,Oct,North,3,2950,1,0,0,2,1.1,2,2.9,1,7.1,7,3.7,205
2013,May,East,5,1900,1,2,1.5,2,3.8,1,2.7,3,2.8,10,3.5,183
2011,Oct,Central,1,3850,1,0,0,2,3.5,3,3.5,3,1.5,11,1,261.6
2010,Aug,South,3,6700,1,0,0,2,3.2,3,1.1,1,1.3,7,5.9,263.5
2013,Aug,East,1,2950,1,0,0,1,1.9,2,3.5,3,1.5,8,3.1,165
2011,Nov,North,1,2000,1,0,0,1,2.3,1,1.5,2,3.1,7,2,133.1
2012,Jul,North,3,5050,1,0,0,1,2.1,1,2.6,2,5.8,7,6.1,177.9
2013,Dec,West,5,10650,1,3,6.7,2,3.3,5,1.6,3,1.8,13,1.5,789.2
2012,Sep,West,3,3900,1,0,0,2,2.8,1,3.5,1,6.6,7,5,259.7
2016,Aug,North,1,5850,1,3,6.8,3,1.8,2,3.9,1,3.8,7,6,773.7
2013,Nov,North,10,10550,1,1,9,1,5.7,7,3.6,8,1.6,19,6.8,1250
2010,Mar,East,1,5300,1,3,6.6,3,2.1,1,0.8,1,1.9,11,5.2,611.2
2016,Sep,East,5,6650,2,0,0,3,3.7,5,3.1,1,6.9,11,5.1,361.1
2016,Aug,Central,8,10550,2,0,0,1,3,1,1.7,3,8.6,16,6.5,183.3
2016,Feb,West,2,3800,1,0,0,2,2.5,1,1.9,3,2,7,1.7,191.8
2010,Apr,Central,3,1300,1,0,0,2,1.9,0,0,1,5.5,12,5.6,361.1
2016,Jun,West,2,1850,1,2,1.3,3,3.9,1,3,3,3.3,9,2.6,256.7
2015,Apr,Central,1,3850,1,2,0.5,3,3.3,2,0.9,1,6.1,10,1.2,291.2
2016,Oct,West,3,3950,1,2,7.2,1,1.1,2,6.9,1,1,7,5.8,519.5
2011,Apr,East,5,1100,2,0,0,3,1.2,2,2.5,3,1.3,12,1.2,282.1
2010,Nov,North,3,3200,1,2,1.2,1,2.9,2,1.8,1,6.2,5,1.6,370.7
2015,May,West,9,7950,1,1,7.6,1,5.9,1,1.1,3,1.1,17,3.3,1101.6
2011,Nov,North,1,6000,1,2,1.9,1,2.5,1,1.9,2,6.2,9,5,322.2
2016,Apr,West,2,7000,1,2,3.7,3,2.9,3,5.1,3,1.2,6,3.3,125.9
2011,Aug,South,1,8200,1,2,5.2,3,1.3,3,1.6,1,1.5,12,6.7,566.7
2011,Feb,West,2,1150,1,1,1.5,2,2.1,2,2.6,2,7.1,8,1.2,307.1
2013,Feb,North,3,7100,1,1,5.5,3,2.3,1,1.9,1,5.8,6,5.6,739
2013,Apr,East,3,3800,1,2,3.2,3,3.7,2,2.7,1,3.1,9,1,317.7
2010,Feb,North,1,3950,1,0,0,2,2.2,2,3.1,3,7.3,9,1.8,253.5
2010,Sep,North,1,2000,1,0,0,1,2.8,1,2.6,2,6.3,5,5.5,127.1
2011,Feb,North,5,7050,2,1,3.2,3,1.3,1,2,3,6,10,5.1,656.3
2011,Apr,North,1,8200,1,3,7,2,2.9,3,5.3,3,1.5,9,3.5,793
2016,Dec,East,1,7100,1,1,1.3,2,3,2,1.1,3,2.3,12,5.1,655.1
2015,Oct,East,2,2550,1,0,0,1,3.6,2,2.2,1,5.6,9,5.5,209.7
2015,Apr,East,2,7850,1,0,0,2,3.6,0,0,2,8.8,8,1.3,217.8
2011,Nov,East,7,10000,2,2,9.8,1,3.7,1,1.8,3,1.1,18,5.6,851.7
2016,Apr,North,3,5500,1,0,0,2,3.1,1,0.9,1,6.5,7,2.6,197.1
2011,Mar,West,6,6900,1,0,0,1,1.1,1,0.8,3,5.3,12,3.8,362.2
2012,Oct,West,2,3700,1,0,0,2,0.6,1,2.1,3,5.9,9,1.1,198.3
2015,Jan,West,2,2000,1,0,0,2,3,2,3.8,1,1,7,3.5,201.7
2011,Dec,North,5,9150,1,3,6.1,3,2.7,5,2.7,1,1.3,12,2.9,695.3
2010,Dec,South,3,5150,1,0,0,1,2.6,2,1.5,1,5.8,11,5.1,269.1
2013,Dec,East,1,6000,1,0,0,2,2.3,2,2.6,2,2.9,7,3.5,168.1
2016,Feb,South,1,6650,1,0,0,2,5.5,5,7.3,1,1.3,11,3.1,377.5
2013,Jan,East,1,5950,1,3,6.9,3,3,2,3.5,1,2.1,10,6.9,706.3
2011,Mar,Central,3,19829,2,3,9.1,3,1.1,1,5.8,1,5.8,13,5.7,1026.3
2016,Jun,East,1,6350,1,2,5.3,3,1.6,3,3.1,1,8.2,7,1.2,539
2016,Apr,West,1,6700,1,0,0,3,3.2,3,2,1,7.7,11,5.3,259.5
2011,Mar,Central,1,3350,1,0,0,2,3.7,3,5.2,3,1.9,8,3.7,298.3
2010,Feb,Central,2,3650,1,2,1.3,1,2.7,1,2,2,2.2,8,3.8,372.6
2013,Sep,East,3,1900,1,0,0,2,2,2,2.7,1,6,13,1.1,197.1
2011,Sep,West,5,7000,2,0,0,3,3.2,1,2.5,1,1.9,12,1.5,308.6
2011,Jun,West,5,2000,1,3,5.5,3,2.6,2,1.7,1,6,12,5.8,576.5
2011,Sep,East,2,3550,1,0,0,2,2.2,2,2.3,2,6.2,11,5.2,228.6
2010,Oct,West,3,5100,1,0,0,2,3,2,2,1,1.6,11,5.5,256.9
2011,Jun,West,5,18550,1,5,7.9,3,1,1,5.1,3,2.3,17,3.6,1250
2015,Jul,Central,8,10000,2,0,0,1,3,5,3.2,8,5.3,16,1,170.1
2013,Aug,North,5,6300,1,5,6.6,3,1.7,3,3.1,3,1,13,1.7,932.9
2012,Aug,North,2,2250,1,1,1,1,2.8,0,0,1,1.7,7,5.1,511.5
2016,Feb,North,3,5500,1,0,0,1,3.2,2,5,3,7.1,9,3.1,218.6
2016,Jan,North,3,6600,1,0,0,1,3,1,2.7,1,1.1,10,6,121.6
2011,May,North,6,10200,1,1,6.5,3,1.9,3,6.3,3,5.6,13,5.6,1053.9
2015,Apr,West,1,9700,1,3,2.8,3,2.3,1,3.1,3,1,11,1.1,503.9
2016,Oct,North,2,6950,1,2,1,2,3,3,2.8,1,6.1,9,3.7,111.6
2011,Jul,North,3,5100,1,0,0,2,1.2,2,2.5,3,3.8,10,5.1,236.8
2010,Jun,West,1,2900,1,0,0,2,3.1,2,3.1,1,1.3,10,6.1,280.1
2015,Sep,North,6,9800,2,2,1.9,1,2.9,1,2.6,1,3.9,13,1.9,581.3
2010,Nov,West,3,5950,1,3,6.7,2,2.5,2,3.1,1,3.1,8,1.1,679.2
2012,Sep,East,6,9150,1,0,0,2,1,3,1,3,3.1,12,1.3,351.1
2010,Oct,Central,1,2500,1,2,1.6,1,2,1,3.5,1,5,7,2.5,366.8
2011,Jan,South,3,1350,1,0,0,2,2.7,2,3.7,1,1,9,5.5,261.9
2016,Jan,North,6,7850,3,3,1.7,1,3.5,1,1.5,1,3.9,12,5.5,725.1
2010,Mar,Central,6,6100,1,1,1.1,1,2.9,5,3.7,3,3.5,16,1.1,189.8
2011,Aug,North,1,3600,1,0,0,3,3.9,3,0.1,3,3.8,11,5.2,227.3
2011,Oct,Central,2,2000,1,3,6.3,1,1.2,2,0.6,3,3.2,9,1.8,653.8
2011,Jan,South,1,6050,1,0,0,3,1.1,2,1.8,1,2.1,8,2.5,280.1
2016,Jan,Central,3,5300,1,3,1.5,3,2.9,1,5.9,2,1,6,5.8,130.1
2016,Aug,Central,3,1600,1,0,0,3,1.1,2,1.2,1,1.6,7,3.7,261.5
2012,Feb,West,1,3350,1,0,0,1,1.1,1,2.3,1,1.1,6,3.8,113.1
2011,Feb,North,2,2000,1,0,0,2,3.1,2,0.3,1,5.3,8,5.1,181.7
2013,Jun,Central,1,12162,2,1,7.2,3,1.1,3,3.8,3,1.9,12,1.3,973
2012,Apr,Central,2,3350,1,0,0,2,5.1,1,2.9,3,1.1,8,1.5,201
2010,Aug,North,9,10200,2,5,6.7,1,1.9,6,3.7,9,3.1,18,1.1,1212.5
2013,Dec,North,3,1300,1,2,1.6,3,3.8,1,2.5,1,3.9,12,3.5,262.3
2011,Feb,East,2,1900,1,0,0,2,3.1,2,5.6,2,6.1,8,3.2,211.1
2010,Sep,South,3,2000,1,0,0,1,2.8,3,0.3,2,9,9,5.9,181.3
2015,Jul,Central,3,18055,1,1,9,3,3.2,1,1.9,3,3.6,12,5.1,1250
2013,Oct,Central,5,7600,1,0,0,2,1.9,3,3,3,8.1,12,5.1,313.1
2013,Jun,West,1,3300,1,3,1.1,3,3.7,1,0.3,3,5,12,1.5,539
2011,Sep,North,8,8650,1,5,8.7,1,3.1,1,3.1,3,5.2,20,1.3,1250
2015,Jan,West,6,6850,2,1,1.1,3,1.9,5,2.8,3,1.3,13,3.3,655.3
2011,Mar,West,3,5150,1,0,0,1,1.8,2,2.6,3,5,8,1.1,189.1
2016,Nov,North,1,7350,1,3,3.3,3,3.7,1,1.7,3,1.1,11,3.2,510.8
2013,Oct,East,3,5100,1,0,0,1,1.7,2,1.3,3,8.2,7,6,260.9
2013,Dec,West,3,5100,1,3,6,3,2.1,2,3.2,1,2.9,9,2.9,619.8
2011,Apr,Central,1,6100,1,1,6.3,3,3.6,3,2.5,3,7.1,10,1.3,813.8
2010,May,East,3,2950,1,3,0.5,2,3.1,0,0,1,3.7,11,3.1,198.6
2016,Jan,West,7,7850,2,0,0,1,3.5,1,1,1,1.9,15,6.6,176.8
2016,Jul,Central,1,9550,1,2,1,2,3.2,3,2.2,3,6.2,11,1.2,191.5
2015,Jan,East,3,6200,1,0,0,2,1.1,3,5.1,3,8.8,9,1.9,289
2011,Apr,South,3,1000,1,2,5.7,3,5.5,2,1.6,2,7.2,12,1.7,199.6
2011,Jan,West,1,8100,1,0,0,2,3.3,3,3,3,1.5,13,3.2,288.6
2015,Jul,West,2,2950,1,0,0,2,3,1,2.9,1,6.7,7,5.7,216.1
2016,Jul,West,6,12000,1,1,6.5,3,2.2,5,3.8,3,3.1,15,1.5,982
2011,Jan,East,1,3300,1,0,0,3,3.1,3,2.8,3,6.2,11,1.9,318.6
2012,Apr,East,5,6700,2,1,2.8,1,3.7,1,0.5,1,5,12,1.1,327.8
2011,Oct,North,2,1100,1,0,0,2,3.1,1,1.8,2,1.9,6,2.5,165
2015,Sep,Central,3,3350,1,0,0,2,1.5,1,3.5,3,5.3,1,3.8,235.6
2015,Sep,North,1,1550,1,0,0,2,3.7,5,1.8,3,7.3,9,3.7,273.7
2012,Oct,South,1,5600,1,0,0,2,1.2,3,2,3,5.1,11,3.9,276.3
2010,Oct,Central,2,5100,1,1,6.1,3,2.6,1,2.1,1,5.6,8,2.8,332.1
2016,Aug,West,6,10250,1,1,5.8,3,3.9,3,2.9,3,1.5,13,1.3,820.9
2015,Aug,South,2,1250,1,0,0,1,1.9,1,1.1,2,6.9,9,3.1,201.8
2012,Apr,North,3,1050,1,0,0,2,1.1,3,5.3,3,1,9,1.5,236.9
2016,Jan,Central,1,5950,1,1,5.6,2,2.9,3,2.8,1,2.1,11,1.9,658.7
2011,May,West,3,5700,1,0,0,3,3.3,2,5.6,2,5.6,12,3.5,279.8
2011,May,Central,5,8300,1,0,0,3,1,2,3.3,1,5.8,12,2.2,261.6
2010,Apr,West,1,1150,1,2,3.3,1,2.8,1,0.3,1,3.9,10,6.2,316.1
2011,Apr,West,6,9100,2,0,0,3,1.1,3,0.6,3,6.5,11,5.3,361.7
2016,Jun,East,1,2000,1,3,3.5,1,1,1,6,3,3.6,10,3.9,199.5
2016,Nov,East,5,6100,2,0,0,3,1,3,1.6,3,7,13,6.5,363.1
2011,Jan,North,2,2050,1,0,0,2,3,3,3.2,3,7.5,7,3.1,222
2016,Oct,Central,1,9100,1,2,1,1,3.5,6,5.9,1,5.8,10,5.1,618.5
2013,Dec,North,1,1500,1,0,0,3,1.2,3,3.1,1,1.8,12,1.7,256.7
2011,Aug,East,1,6100,1,3,7.1,2,2.5,3,7.1,3,1,15,6.5,710.1
2012,Apr,East,2,1850,1,1,2,1,1.1,1,0.3,2,3.1,7,1.6,219.2
2010,Feb,East,1,6000,1,2,6.6,1,3.5,1,0.7,3,2.9,10,1.5,179.5
2015,Dec,East,1,5150,1,0,0,2,3.1,3,1,3,3.1,10,3.6,219.8
2012,Oct,Central,5,3150,2,3,1.1,2,3.2,1,3.8,3,1.8,9,7.6,637.7
2010,Apr,North,3,1550,1,0,0,2,2.5,2,1.1,3,3.5,7,3,175.3
2013,Mar,West,9,10150,1,1,8.3,1,2.9,5,3,8,3,19,5.5,1162.6
2011,Nov,West,5,7150,1,0,0,1,3.8,1,1.2,1,1.7,9,7.2,313.9
2010,Apr,East,2,5800,1,0,0,1,2.1,0,0,3,7.5,7,3.5,197.1
2012,Sep,North,1,8200,1,0,0,3,3,2,2.7,3,3.2,11,3.1,273.1
2010,Jun,South,3,5900,1,1,3.9,2,3.2,2,3.5,1,7.6,10,3.7,319
2012,Apr,North,3,3550,1,0,0,3,2.7,3,1.9,2,5,5,3.6,217.5
2012,Aug,East,1,7500,1,3,6.9,1,3,3,6.5,1,5.2,15,1.8,867.9
2011,Mar,East,1,1600,1,2,1.9,3,1.7,1,2.8,3,5.1,10,6.2,523.1
2011,Dec,West,2,5650,1,2,1.9,3,1.6,0,0,1,3,8,1.9,138
2016,Apr,West,3,7600,1,2,8.3,2,1.2,2,1,1,1.6,12,1.1,613.9
2011,May,East,5,6600,2,3,7.1,3,2.7,3,1.1,3,8.1,13,5.1,888.1
2011,Feb,North,3,1800,1,0,0,2,3.6,2,3.8,3,3,9,1.1,226.8
2010,Apr,Central,3,5100,1,2,5.7,2,1.3,3,0.1,3,5.7,11,3.6,161.1
2016,Jan,East,1,7350,1,0,0,2,1.9,1,2.1,3,1.1,10,3.3,217.8
2011,Jun,West,5,7300,2,1,8.6,1,3.8,3,3.8,3,1,11,1.7,1115.1
2016,Feb,West,5,7600,1,1,5.1,3,3.5,2,1.1,1,1.7,11,5.1,1117.2
2016,Nov,West,1,12000,1,0,0,2,3.1,1,1.7,3,2.1,13,5.5,333.6
2015,Nov,Central,1,7000,1,2,5,2,1.1,1,1.9,1,5,1,2.7,383.1
2011,Jun,North,3,7250,1,0,0,3,3.1,1,1.1,1,1.1,9,1.1,267.2
2012,Jan,South,5,6200,2,3,5.9,1,1.7,2,2.1,3,2.9,11,5,770.1
2013,Nov,East,5,3150,1,3,5.3,3,1.2,1,0.6,3,2.1,11,6.7,596.1
2011,Sep,South,2,1950,1,1,5.2,2,3.9,3,1.2,1,2.9,10,2.6,337.2
2012,Mar,West,3,5700,1,1,6.1,3,3.7,3,3.9,3,1,10,5.5,715
2010,Apr,East,2,1250,1,3,1.6,2,1.2,2,2,1,3.1,10,3.2,536.1
2011,Jul,North,6,6600,2,3,7.1,3,3.3,5,1.8,3,5.2,11,1.5,835.7
2013,Nov,Central,2,5600,1,0,0,1,3.3,2,5.2,2,1.9,13,1.1,215.3
2011,Jan,South,5,1950,2,3,5.8,2,1,1,5.9,1,1,11,6.2,703.7
2011,Sep,North,9,7350,1,3,7.1,1,3,5,1.1,8,5.3,20,6.3,901.8
2013,May,West,5,3600,2,2,8.7,2,3.9,5,3.2,3,5.1,12,5.8,792.9
2010,Oct,North,3,3750,1,0,0,2,2.5,2,1.1,3,5.6,8,2.8,191.3
2010,May,East,3,1550,1,3,5.2,2,2.1,0,0,2,1.2,9,1.9,555.7
2010,Aug,Central,6,7000,1,1,6.1,3,1.3,1,2.1,3,3.2,15,6,996.1
2016,Dec,West,1,1150,1,0,0,2,1,1,1.1,2,1.1,12,5.7,233.5
2016,Jul,Central,5,10050,1,1,1.1,3,2.5,2,3.5,1,3.2,12,3.2,707.9
2011,Jul,Central,3,7350,1,3,7.5,3,6,2,5.3,3,6.2,9,5.1,717.8
2012,Oct,East,7,6950,1,3,7.5,1,5.1,5,2.1,3,3,16,5,912.7
2012,Nov,North,1,8050,1,2,5.1,3,1.1,1,1.7,3,6.1,13,2.7,581.5
2010,May,North,1,16550,2,3,6.5,3,2.5,1,3.1,2,5.6,13,5.1,818.3
2010,Nov,Central,3,2000,1,0,0,2,3.7,2,2.1,3,1.3,9,3.8,209.5
2016,Feb,West,6,7100,1,2,5.3,2,1.8,3,5,1,6.1,11,6.7,589.6
2012,Sep,North,1,6150,1,0,0,2,3.9,0,0,1,11.2,9,1.8,271.7
2015,Mar,South,5,5000,1,0,0,3,2,1,0.6,1,1.3,13,6.7,215.8
2016,Oct,North,1,1200,1,0,0,3,2.6,2,3.2,1,6,10,3.9,212
2011,Mar,North,3,1850,1,0,0,1,2.7,2,1.3,3,5.7,12,3.8,232.3
2011,Sep,East,6,5700,1,0,0,3,3.1,6,5.5,3,6.8,13,3.6,152.5
2015,Aug,East,8,9800,1,2,8.1,1,5.2,5,5,3,7.7,17,5.2,889.6
2015,Mar,South,1,7600,1,0,0,3,2,2,0.7,3,1.6,12,1.7,217.7
2012,Sep,East,1,5850,1,0,0,1,2.5,1,1.5,1,1.1,6,1.6,132.1
2011,Mar,North,3,1950,1,0,0,2,1.9,1,0.3,1,5.7,11,5.7,217.7
2012,Mar,East,5,5650,1,3,5.9,3,3.1,1,1.6,3,3.8,12,1.8,718.6
2010,Feb,East,2,2200,1,0,0,1,2.1,1,1.9,3,6.7,6,1.1,175.2
2011,Apr,South,1,7000,1,0,0,1,2,2,3.3,3,5.9,11,3.7,291.5
2011,Oct,Central,1,5150,1,2,1.1,2,3.1,0,0,3,5.1,9,1,100.7
2012,Jul,North,2,5900,1,2,1.7,1,2.8,0,0,1,1.7,11,1.7,117
2015,Nov,North,1,6500,1,0,0,2,2.7,3,0.9,3,5.1,11,5.3,267.9
2013,May,West,1,1950,1,2,6.1,2,2.5,3,3.1,1,6.5,12,1.2,510.1
2016,Jan,East,5,10050,2,3,7.2,3,3.5,1,3.5,1,5.3,15,3.7,892.6
2013,Oct,West,1,2850,1,2,2.1,1,2.5,2,2.5,1,5.2,5,5,308
2010,Jan,West,6,1950,2,3,5,1,1.7,3,2,1,1,10,6.1,1118.1
2015,Sep,West,2,2000,1,0,0,2,3.8,2,2.7,2,5.5,9,3.7,200.9
2016,Sep,East,1,3100,1,3,1.2,3,2.1,2,1.8,3,1.3,1,1.8,171.6
2013,Sep,Central,2,1950,1,0,0,2,2,3,2.8,1,5.5,6,1.6,216.7
2013,Apr,North,3,5800,1,0,0,3,2.7,1,1.7,1,1.7,9,1.2,263.1
2011,Dec,North,5,6550,2,2,5.2,2,3.1,3,5.5,1,5.1,11,1.9,610.7
2013,Jan,Central,3,6150,1,3,2.9,2,2.9,2,3.1,2,3.2,6,5.1,171.9
2011,Oct,Central,3,1150,1,2,5.2,1,5.3,3,1.3,2,1.6,9,6.2,150.7
2011,Aug,South,3,5100,1,0,0,1,1,2,2,1,1.1,10,1.3,219.5
2013,Oct,East,5,1050,2,1,3.8,3,3.7,3,1.1,3,1,12,6.5,610
2013,Sep,North,2,3800,1,1,6.9,1,3.8,2,0.3,2,5.6,5,1.1,317.5
2016,Mar,North,1,7150,1,3,3.7,2,0.1,1,3,1,5.7,12,5,573.3
2016,Oct,East,5,8900,2,3,6.2,3,3.2,1,3.5,1,7.5,15,5,781.1
2011,Feb,North,8,10650,1,0,0,1,3.9,5,3.8,3,7.2,16,5.1,120.3
2011,Mar,West,5,5100,1,3,6,3,2.2,2,2.6,3,3.1,11,1.2,710.7
2011,Sep,North,1,5700,1,0,0,2,3,2,3.3,1,7.3,10,1.1,211.8
2013,Apr,Central,1,5150,1,0,0,2,2.8,1,2.8,1,5,13,1.8,293.7
2013,Nov,Central,3,7800,1,2,2.3,1,3.3,2,3.8,2,8.1,10,3.3,352.7
2011,Jul,North,5,1550,2,0,0,3,1.1,1,1.5,3,7.3,11,1,390.9
2011,Apr,North,1,1050,1,0,0,2,3.1,2,1.1,1,8,9,2.8,226.1
2013,Aug,East,7,8900,3,0,0,3,3,3,3.7,8,3.6,16,1.3,131.2
2011,Jun,Central,1,7000,1,1,6.1,3,2.3,2,1.3,2,2.1,10,5.9,811.5
2016,Mar,West,1,8350,1,0,0,2,0.7,2,3.9,3,3.6,11,3.2,278.7
2013,May,North,2,5000,1,1,6.9,1,2.1,3,6,2,8.5,10,1.1,128.1
2015,Jul,East,5,7050,1,0,0,2,2.8,5,2.2,3,1.6,10,1.7,271.7
2011,Mar,West,5,6650,1,0,0,3,1.8,2,1.9,3,5.9,11,1.3,211.3
2012,Jul,North,6,1600,1,2,8.7,2,3.1,3,3.8,3,1.9,13,3.8,776.7
2011,Jul,West,1,6650,1,3,5,2,3.6,1,5.1,1,6.3,12,7.1,613.2
2011,Jan,West,1,6850,1,3,6.1,1,3.1,1,2.6,3,3.5,13,1.2,611.6
2011,Aug,West,1,6800,1,1,5.9,1,3,3,2.5,2,5.5,9,5.2,768.5
2015,Nov,North,5,6900,1,3,5.7,3,5.2,3,1.3,3,6.1,12,1.9,616
2015,Jan,South,3,2600,1,0,0,2,3.1,2,0.3,3,5.2,10,1.3,185
2011,Aug,West,3,1850,1,0,0,2,2,2,2.5,3,1.1,9,1.8,208.2
2015,Oct,East,3,1500,1,0,0,1,1.7,2,3.3,2,6.1,9,3.1,216.1
2013,Jul,West,3,1650,1,0,0,3,1.3,1,2.1,1,3,9,1.9,281.6
2012,Feb,South,2,5100,1,2,2.7,2,3.2,1,3.3,2,1.1,6,1.1,289.6
2012,Aug,North,2,5000,1,0,0,2,2.3,0,0,3,6.2,9,1.3,229.8
2011,Oct,North,1,2000,1,1,1.1,1,0.6,2,1.6,1,3.1,6,5.3,156.2
2011,Aug,North,1,5100,1,0,0,2,0.7,3,1,1,1,8,6.1,219.7
2012,Jun,East,5,6700,1,0,0,2,3.1,3,2,3,3.3,15,1.5,256.8
2011,Jun,Central,1,9100,1,0,0,3,3.8,3,2.9,3,6.5,13,3.7,288.8
2013,Nov,North,6,3500,1,3,2.9,1,3.9,2,0.3,3,5.1,12,6.7,501
2013,Feb,East,3,3300,1,0,0,2,3.1,2,2,1,1,11,5.1,212
2010,Dec,West,5,9150,1,3,5.7,2,5,3,1.7,1,5.5,16,1.6,689.5
2013,Jul,East,1,11152,2,1,8.5,3,3.1,1,1.1,1,7.5,7,5.2,1018.3
2016,Feb,North,3,8100,1,0,0,2,1,2,2.9,1,2.9,10,3.6,283
2011,Aug,North,1,2000,1,0,0,1,2.6,1,0.3,1,6.5,8,5.5,138.3
2015,Jul,East,1,7100,1,3,6.5,2,3.2,1,2.5,2,1.7,13,5.3,636.6
2012,Mar,North,5,8750,1,1,8,3,3.1,1,3.6,3,3,15,5.5,1055.9
2011,Dec,West,3,5650,1,0,0,3,2.1,3,2.1,1,5.9,10,3.1,233.6
2011,Aug,East,1,1150,1,2,6.1,3,3.2,2,3.2,3,6,11,3.9,531.3
2011,May,North,3,3350,1,0,0,3,1.1,2,1.1,1,1.1,6,1.3,218.6
2012,Dec,West,5,6600,1,1,5.3,1,3.6,3,1.3,3,3.3,15,1.6,828.3
2016,Feb,East,1,1650,1,2,0.5,3,3.2,1,3.5,2,6.7,9,1.5,278.7
2013,Sep,West,1,3750,1,0,0,3,2.7,2,3.6,1,6.6,11,6.5,281.1
2012,Sep,West,1,9300,1,1,5.8,2,2.6,1,3.1,3,2.6,11,1.7,889.9
2011,Apr,Central,5,8100,2,0,0,2,1.1,1,0.8,3,3.8,12,5.3,303.7
2012,Nov,East,1,1950,1,0,0,2,1.7,2,2.8,3,8.7,12,3.1,255.7
2010,Apr,North,1,3050,3,1,8.5,2,3.2,3,5.9,1,6.1,12,5.8,511.1
2012,Apr,West,1,3150,1,0,0,3,2.2,2,1.2,3,3.8,11,6.1,263.5
2013,Mar,West,1,5850,1,0,0,3,1.1,2,1.6,1,1.3,7,3.8,281.1
2016,Dec,Central,6,6500,1,0,0,3,2.9,5,1.2,3,1.5,13,1.6,311
2013,Mar,East,2,2000,1,2,2.1,2,3,1,1.2,2,1.6,8,5.9,132.1
2010,Feb,East,2,5850,1,2,5,2,3.5,3,2.9,1,2.5,7,3.3,387.5
2011,Nov,East,6,5800,2,1,2.7,1,1.3,3,3,3,5.5,11,5.6,668.2
2013,Mar,West,5,8850,1,0,0,2,2.5,1,3.5,1,1.3,16,5.1,291.3
2012,Apr,North,6,7150,1,1,9.2,3,1.9,1,3.1,1,6.1,16,5.1,1188
2011,Mar,Central,7,11900,1,0,0,1,3.6,7,1.5,3,1.9,17,1.9,159.1
2010,May,South,2,2950,1,0,0,2,1.1,2,0.5,2,7,6,1.6,199.9
2012,Feb,West,8,9850,2,1,6.9,1,5.3,3,2.1,3,1.1,11,1.6,1113.1
2016,Nov,North,1,6500,1,0,0,2,3.2,5,3,1,5.7,11,1.9,270.1
2015,Nov,North,5,7300,2,1,1.2,3,2.7,1,3.1,3,2.1,15,5.1,696.5
2015,Jun,South,1,16725,2,1,9.2,2,3.2,3,5,1,3.6,13,7.1,1136.1
2013,Dec,East,1,5150,1,3,5.6,3,1.9,2,0.3,3,2.7,10,5.7,675.1
2016,Sep,North,2,2950,1,3,6.2,2,5.9,2,2.1,2,5.3,7,5.7,616.5
2011,Jul,East,2,5200,1,1,6.2,2,2.8,0,0,2,6.1,8,6.5,326.7
2011,Apr,West,2,6650,1,1,1,1,2.9,1,1.8,2,3.9,7,5.7,581.5
2010,Aug,West,5,1550,2,0,0,3,1.5,1,1.2,1,3.5,11,1.2,315.1
2013,Dec,North,5,11200,1,0,0,3,5.1,1,1.5,1,7.3,12,5.6,385.7
2016,Jan,North,5,7700,1,3,3.8,3,2.8,2,2.7,1,3.5,9,6.1,537.7
2015,Dec,West,5,8100,1,1,1.1,1,1.1,3,6.1,1,5.1,10,3.7,765.7
2011,Sep,East,6,1950,1,3,7.1,2,1.1,3,2.8,3,6.8,15,5.3,865.1
2013,Apr,North,2,2850,1,0,0,2,1.3,2,3.1,2,5.5,7,5.8,198.8
2011,Jan,East,9,10650,1,5,1.8,1,3.1,5,1.3,3,2.5,20,1.1,982.9
2011,Sep,East,6,1650,1,0,0,3,1.8,3,0.3,3,6.9,15,5.6,316.1
2016,Dec,Central,5,3800,2,0,0,2,1.1,2,3.2,3,5.5,11,5.2,332.2
2010,Jul,East,1,5150,1,3,3.1,2,3.8,0,0,1,1.5,15,5,803.1
2016,Jan,East,1,2550,1,3,1.7,1,3.1,1,0.3,1,1,1,1.1,392.3
2016,Aug,North,1,2000,1,1,1.1,1,1.9,0,0,2,2.9,8,1.6,225.3
2013,Apr,Central,1,6600,1,3,7.5,2,2,2,2.6,3,5.3,11,5.1,771.2
2011,Nov,West,5,7250,1,3,7.1,3,1.1,1,2.1,1,2.5,12,6.1,817.1
2010,Dec,Central,1,18112,1,0,0,1,2.8,5,6.7,1,7.3,11,1.6,379.7
2011,Sep,East,5,5800,1,3,5,3,3.1,1,3.1,3,7.2,13,1.5,653.1
2016,Jan,West,1,2000,1,0,0,1,3.6,1,2.9,2,5.1,8,3.7,172.6
2015,Aug,West,1,5000,1,0,0,3,2.2,2,2.5,1,7.7,13,1.7,237.3
2012,Jan,East,3,3600,1,0,0,2,1.9,5,5.1,3,5,10,5,285.1
2016,Oct,North,7,9900,2,3,10.3,3,1.1,3,1.1,3,1,17,6.3,1121.3
2010,Jan,South,3,3650,1,0,0,3,3,2,0.1,3,3,8,6.1,201.8
2013,Jun,East,10,10750,1,3,7.5,1,5.1,7,3.8,9,1.3,20,5.7,1098.6
2016,Apr,Central,1,7000,1,0,0,2,2.6,0,0,2,7.5,11,5,163
2015,Mar,North,2,1600,1,1,5,3,2.8,2,0.3,3,1.7,10,1.1,317.9
2012,Jun,North,1,5050,1,2,1.6,3,2.1,2,3,2,2.1,12,6.2,501.2
2016,Nov,East,5,8200,1,3,5.2,2,2.3,1,1.5,3,1.5,15,5,719.7
2011,Jun,West,2,5150,1,1,1.8,1,2.9,2,3.5,2,1.8,6,2.7,329.5
2015,May,East,3,1550,1,0,0,3,1.8,2,1.1,1,5.7,11,1.8,270.6
2011,Jan,East,1,5900,1,3,6.6,3,2,2,6.8,1,7,10,5.6,807.6
2011,Jan,West,3,5700,1,3,5.1,2,1.1,3,1.9,2,1.7,9,1.5,521.3
2011,Sep,North,9,12000,1,1,5.1,1,2.6,5,2.7,8,5.8,16,5.8,1006.8
2011,Jun,East,5,5600,2,0,0,3,3.2,2,3.6,3,1.9,12,6.8,317.5
2010,Jul,East,1,1100,1,3,7.6,2,3,1,1.6,3,7,11,1.6,731
2011,Feb,West,3,1650,1,2,3.9,1,2.8,1,1,2,2.1,12,1.6,101.6
2013,Oct,Central,2,3600,1,3,3.5,3,2.6,0,0,1,3.9,5,5.1,127
2015,Nov,East,1,6500,1,0,0,3,3.2,3,1,3,5.1,9,1.7,213
2015,Mar,Central,2,1950,1,2,3.5,1,1.3,2,2.5,2,1.5,9,1.8,361.3
2015,Jan,East,2,8100,1,2,2.9,2,1,3,1.9,1,6.2,9,1,369.7
2016,Sep,East,3,16601,1,2,6,2,1.9,3,6.7,2,3.3,15,5.2,577.2
2011,Aug,West,1,7350,1,0,0,1,1,2,1.5,1,7.7,8,1.9,171.9
2012,Jun,Central,2,3950,1,0,0,1,2.6,2,5.8,2,5.2,6,3.3,223.1
2011,Nov,Central,3,5500,1,3,6.3,2,3.3,3,1.1,1,6.3,12,5.5,723.7
2012,Mar,East,1,5150,1,0,0,3,1.7,1,2.9,3,5,9,5.1,289.8
2016,Feb,West,5,6100,1,3,2.3,3,1,1,6,1,6.2,12,6.7,512.9
2012,Feb,East,1,5950,1,3,7.2,2,3.5,3,1.7,1,1.5,9,1.3,759.2
2011,Jun,Central,1,5150,1,0,0,2,3.5,3,1.7,3,5.8,11,3.3,306.1
2015,Feb,South,3,3150,1,0,0,2,2.5,2,3.1,1,6.5,6,5.7,232.3
2015,Apr,Central,2,3050,1,0,0,1,3.1,2,2.8,1,1.8,9,1.8,178.2
2013,Jan,East,1,7350,1,0,0,2,3.5,2,1.8,1,1,7,1.6,265.6
2013,Feb,East,1,3500,1,3,2.9,3,3.8,3,1.6,1,3,15,2.3,166
2015,Oct,Central,6,9550,2,1,6.7,3,3.5,1,2.6,3,1,11,5.2,1078.6
2013,Jul,Central,2,6850,1,2,7.6,3,2.5,3,1.1,3,6.7,6,3.2,637.8
2011,Feb,Central,1,1150,1,1,1.1,3,3.9,1,2.1,3,1.1,9,1.5,327.8
2011,Dec,Central,1,6750,1,2,1.7,2,1.1,1,3.7,3,1.6,13,5.3,510.9
2011,May,Central,6,9200,1,3,8.7,1,3.1,5,3.1,3,1.1,11,1.7,1070.7
2016,Oct,East,5,9850,1,2,7.9,3,3,3,1.3,1,3.8,11,1.1,626.9
2015,Dec,South,2,6100,1,0,0,3,3.7,1,3.1,2,1.7,9,1.1,216.7
2016,Nov,West,8,8750,2,0,0,1,1.5,5,5.6,3,1.6,19,5.8,511.1
2010,Jan,West,5,5800,1,0,0,1,2.1,2,5.1,3,1.3,9,1.6,253.6
2010,Sep,West,1,5100,1,0,0,1,3.9,2,5.1,1,7.6,9,1.8,185.1
2011,May,West,2,12677,2,2,7.7,1,3.2,2,1.5,1,6,10,5.6,519.6
2013,Jun,Central,2,7550,1,0,0,1,1.7,2,3.1,2,6.2,9,2.7,171.2
2010,Feb,West,3,2000,1,0,0,1,1,2,2.7,3,3.8,9,3.3,192.5
2016,Jan,North,3,1750,1,0,0,3,1.7,1,3.1,3,3.1,11,1.6,207.7
2015,May,Central,1,6000,3,1,6,2,0.6,1,1.3,2,1.6,13,3.6,1019.1
2010,May,West,10,8600,2,1,6.9,1,3.3,5,6.1,3,2.1,20,5.8,1159.3
2016,Jul,Central,2,6350,1,2,9.2,2,1.1,1,5.6,3,5.1,11,3.7,650.3
2012,Aug,Central,2,1900,1,2,3.1,2,3.2,2,0.5,3,7.1,10,1,381
2016,Jan,East,3,3350,1,0,0,1,3.1,3,3.6,2,6.1,10,1.5,188.5
2013,Aug,South,3,5100,1,0,0,3,5,2,0.6,1,7.3,9,5.3,226.9
2012,Jul,North,2,1000,1,0,0,2,3.2,1,3.5,3,6,9,5.2,203.1
2013,Jan,East,2,5350,1,0,0,1,1.7,1,1.9,1,6.9,9,5.2,221.6
2012,Jun,South,5,6850,2,3,10.6,2,3.1,3,3.6,1,6.3,12,1.6,900.7
2011,Aug,East,3,2650,1,2,6.5,2,3.6,2,2.1,1,6.6,8,1.8,557.1
2011,May,South,1,5850,1,0,0,1,3.5,2,1.1,1,1.9,10,3.7,211.9
2013,Jan,Central,2,19330,1,1,8,3,1.3,1,7.5,2,3.7,11,5.1,1200.1
2015,Jan,Central,9,11900,2,1,8.9,1,3.5,5,2.1,10,1.9,18,3.7,1239.7
2013,Dec,North,1,1800,1,0,0,3,3.2,1,3.5,3,1.5,12,1.1,257.2
2011,Jul,West,2,7650,1,0,0,2,3.6,1,3.5,3,1.1,9,5.1,258.7
2013,Apr,South,5,8300,1,0,0,1,3.3,2,1.1,3,8.2,13,5.1,371.9
2015,May,Central,2,3350,1,0,0,1,3,0,0,2,3.2,10,5,180
2013,Jan,Central,3,3550,1,0,0,2,1.7,1,5.1,1,1.9,8,5.5,215.5
2016,Oct,North,6,8050,1,3,1.9,3,2.8,3,6.3,1,1.6,13,3,659.3
2011,Nov,North,1,9150,3,1,1.1,3,3.1,5,3.1,3,1,10,5.3,777.8
2012,Apr,North,5,5600,1,1,7.1,3,3.1,2,1.5,3,1,12,6.2,156
2011,Dec,North,3,3850,1,3,2.1,2,1.1,3,2.8,3,1.5,9,3.8,383.8
2010,Jun,West,1,5050,1,2,2.8,3,2.6,1,0.3,3,3.9,13,5.1,328.9
2015,Apr,Central,2,3850,1,2,1.5,1,3.9,2,2.2,1,7.7,6,1.1,389.3
2016,May,Central,8,12000,1,3,7.5,1,3.1,5,7.1,3,3,16,3.9,960.6
2016,Jun,West,3,6950,1,0,0,3,1,2,3.2,1,6.3,7,1.8,206.8
2016,Jul,Central,5,6000,2,0,0,3,5,1,2.8,3,6.1,12,5.5,293.1
2011,Apr,West,2,3700,1,0,0,1,3.9,2,3.7,1,1.1,5,3.7,182.2
2011,Mar,Central,3,1100,1,2,3.9,2,1.5,3,1.9,2,3.9,10,5.2,391.1
2015,Feb,North,2,12375,1,0,0,3,2.2,1,3.7,2,1.2,9,5.5,269.2
2016,May,West,5,6350,2,1,8.7,3,2.6,2,2,1,3.6,10,5.3,1009.1
2016,Oct,West,1,5950,1,0,0,2,3,2,1.1,3,5.8,11,3.2,250.6
2015,Jan,West,1,8300,1,3,5.7,2,2.3,5,2.1,1,6.2,10,5,710.8
2016,Mar,East,5,7250,1,3,5.8,3,3.3,5,3.1,1,5.2,13,1.3,759.3
2013,Jan,Central,3,5750,1,3,1.7,1,3.5,1,5.1,3,1,8,5.6,181.5
2013,Apr,East,5,6550,2,0,0,3,2.5,3,3.2,3,5.2,10,2.6,311.1
2011,Sep,North,3,1150,1,0,0,3,3.5,1,1.8,3,5.3,11,5.3,218.1
2010,Oct,North,7,10350,2,1,9.1,1,5.3,5,3.6,3,1.1,17,2.8,1250
2016,Jul,South,1,5850,1,2,7.5,2,3.5,3,2.1,2,6.7,9,1.1,638.6
2013,Aug,East,1,7100,1,3,1.1,2,1.5,5,1.1,1,1.8,15,1.3,565.6
2015,Oct,East,1,1700,1,3,5.6,1,1.1,2,5,3,1,8,3.1,581.8
2016,Apr,West,1,6800,1,0,0,2,1.2,3,2.3,3,7,12,1,278.1
2011,Jan,Central,2,7350,1,0,0,2,1.7,2,0.1,2,1.1,10,1.8,220.9
2011,Feb,South,2,3800,1,0,0,1,1.1,1,3.9,2,1.1,1,1.1,251.2
2015,Mar,West,5,6750,1,0,0,3,1,2,3,2,1.2,9,5.7,136.5
2015,Oct,West,1,7150,1,3,5.8,1,3.1,1,3.5,3,3.2,9,1.6,581.7
2013,Aug,South,3,1150,1,1,5.1,2,2.6,1,0.3,3,1,6,5.1,710.5
2012,Sep,North,5,15222,2,2,7.8,1,1.2,5,3.5,3,1.8,15,5.3,812.1
2013,Jan,West,5,8300,2,1,1.6,3,2.2,1,1.3,1,1.1,16,3.6,776
2010,Apr,West,2,5200,1,2,7,2,3.3,2,2.2,1,3.7,7,2.7,526.9
2013,Nov,East,2,5800,1,1,1.8,2,2.8,0,0,2,5.8,10,1.1,318.1
2013,Apr,East,3,3150,1,1,5.9,2,0.8,0,0,3,5.1,7,5.9,351.5
2013,Jul,North,1,5250,1,0,0,3,1.5,1,1,1,5.5,10,6.5,250.8
2016,Oct,West,2,1500,1,2,7.8,1,3.1,2,1.1,2,7.2,7,1.9,526.6
2010,Jan,East,6,6700,2,0,0,1,5.5,3,2.3,3,5.6,17,6.1,389.5
2015,Mar,West,1,2550,1,0,0,3,1.1,1,3.1,3,7.2,11,5.1,322.1
2013,Sep,North,1,5150,1,2,8.3,2,3.6,5,2,3,5,12,1.7,606.2
2015,Apr,East,5,6250,1,3,8.1,1,3.1,1,3.8,3,1.9,10,1.5,989.2
2015,May,West,1,5550,1,2,6.5,3,0.6,3,1.2,3,3.1,10,5.9,605.5
2010,Jan,Central,6,10800,2,1,6.2,1,1.7,1,6.3,3,3.9,11,6.7,1063.8
2013,Sep,West,5,8600,2,0,0,1,1.2,3,2.8,3,5,11,6.2,357.8
2015,Nov,West,1,18117,1,1,8.1,1,3.6,6,2.1,1,1.3,15,5.9,1118.3
2011,Aug,West,5,5150,2,0,0,1,2.7,1,2.7,1,5.1,11,1.9,313.8
2011,Jul,Central,1,3650,1,3,1.1,1,2.6,0,0,1,3.7,8,2.7,129.5
2011,Jul,Central,1,6550,1,0,0,2,3.5,1,6.1,1,6.2,10,5.1,263.6
2011,Sep,Central,3,1100,1,0,0,2,3.9,2,2.2,1,6,10,3.8,216
2010,Jan,Central,2,6150,1,2,6,3,5,1,3.9,2,1,8,1.7,516.5
2010,Sep,West,3,6900,1,0,0,1,2.8,2,1.8,1,7.3,1,2.9,211.2
2011,May,West,3,3600,1,0,0,3,1.8,3,1.2,3,6.7,11,5.7,227.2
2015,Nov,North,6,8500,1,0,0,1,3.7,5,5.1,3,2.6,11,5,363.9
2011,Jul,West,3,7900,1,3,6.2,3,3.5,2,2.7,2,1,12,3.5,695.9
2012,May,East,1,2100,1,2,5.1,1,3.3,2,1,1,3.8,9,3.9,131.8
2010,Dec,West,3,6700,1,3,3.8,2,1.7,3,1.6,1,1.2,10,1.2,198.2
2016,Oct,South,3,8500,1,0,0,2,3.1,2,2.1,3,5.5,11,1.9,267.3
2016,Jan,South,1,5950,1,2,2.8,3,5.3,3,1,1,3.2,6,2.7,399.3
2011,Sep,East,6,11200,2,2,9.9,3,2.7,3,2.3,3,3.3,11,1.3,722.8
2011,Sep,South,3,1950,1,0,0,2,1.5,1,6.6,3,5.3,7,3.9,197.9
2013,Nov,North,2,3850,1,0,0,2,2.5,1,3.2,1,3.2,10,5.9,188.6
2015,Feb,North,5,7150,3,2,1.5,2,3,1,3.5,3,1,11,1.6,631.5
2010,Sep,North,1,1600,1,1,5.6,3,1.6,2,1.7,3,3.7,11,6.1,772.7
2013,Aug,Central,3,6100,1,2,3.1,2,3.6,1,3.1,3,1.6,10,5.2,715.6
2010,Jan,West,1,7950,1,0,0,3,3.2,3,1.1,1,3.7,11,6.1,290.7
2016,Oct,East,2,1900,1,0,0,1,1.1,1,3.2,2,1.7,10,1.7,181.5
2015,Jun,West,5,5800,2,0,0,1,3.6,2,2.9,3,6.8,11,5.5,313.3
2010,Jul,West,5,9150,1,0,0,3,3.3,1,3.9,3,1.5,13,1.1,356.2
2013,May,East,1,2350,1,0,0,2,2,1,0.3,1,5,6,3.6,127.6
2011,Nov,Central,1,8800,1,1,5.7,3,2.7,3,5.8,1,3.2,8,5.5,813.6
2011,Aug,North,1,1100,1,2,3.1,1,1.8,2,1.3,1,1,6,2.9,280.7
2015,Feb,East,1,6100,1,3,5.5,2,2.5,3,2.3,1,5.7,9,1.9,638.8
2015,Oct,West,5,10350,2,3,7.6,3,2.1,5,0.5,3,3.5,10,3.5,815.5
2010,Jul,North,3,5000,1,0,0,2,0.9,2,6,3,8.7,12,2.5,229.5
2015,Nov,East,10,12000,2,5,6.1,1,5.5,6,2.9,3,2.6,18,6.5,1071.7
2013,Sep,West,2,1150,1,0,0,2,0.8,2,1.5,2,1.5,8,6.6,168.3
2015,Mar,Central,1,1850,1,0,0,3,2.7,1,0.3,2,6.8,6,1.8,171.9
2011,Feb,Central,3,3200,1,0,0,2,2,2,0.3,3,6.1,8,2.1,226.1
2016,Dec,West,3,1250,1,0,0,2,2.2,3,2.5,3,1,9,1.5,211.1
2013,Aug,West,1,7200,1,2,8,3,3.6,2,1.7,3,5.1,11,5.9,601.6
2010,May,North,5,6750,1,0,0,1,3.1,3,2.9,3,5.5,16,1.6,335.1
2012,Jul,West,1,1000,1,1,5.9,2,1.3,2,1.5,3,5.8,9,5.1,333.8
2015,Mar,Central,1,8500,1,1,1.7,3,3.7,2,3.1,2,2.1,10,3.5,662.5
2012,Nov,East,1,1600,1,3,1,2,3.9,3,5.2,3,6.3,9,1,558.8
2015,Sep,West,5,6850,2,5,5.6,1,3.7,3,3.9,2,5.3,13,5.1,985.9
2010,Dec,Central,5,5350,1,0,0,3,3.5,3,1.8,3,3.7,9,3.7,301.9
2013,May,North,6,16309,2,5,9.6,1,1,6,1,1,1.2,17,5.8,1250
2010,Sep,East,3,5850,1,0,0,3,3,2,2.3,3,8.7,8,3.7,276.3
2013,Aug,North,10,11100,1,5,7,1,5.1,6,5.8,9,2.9,20,5.8,1250
2011,Aug,West,1,8250,1,1,6,3,1.6,3,3.3,1,1,11,3.7,119.7
2011,Oct,Central,1,1850,1,0,0,1,3.2,1,1.9,2,3.1,5,3.1,113.7
2015,Mar,South,5,5800,2,3,5.3,1,3.5,3,1.8,1,7.5,12,1.7,696.1
2012,Oct,East,3,5100,1,2,6.3,2,3.1,1,1.1,3,5.6,10,3.8,506.2
2011,Apr,North,3,1800,1,2,5.8,1,1.5,3,2.1,1,1.3,8,1.5,182.3
2010,May,West,1,6000,1,1,1.7,2,3.5,3,2.3,1,3.7,8,1.2,283.9
2013,Nov,North,6,7100,2,1,1.7,3,3,2,1.3,3,6.7,11,1.1,178.5
2010,Jun,East,3,1700,1,0,0,3,3.1,2,0.8,3,6.3,9,6.2,266
2015,Feb,West,5,9150,1,3,7.1,1,2.3,1,3.7,1,5.6,11,1.3,900.6
2013,Feb,East,1,1900,1,0,0,2,3.7,1,1.2,3,1.2,11,1.5,250
2016,Jun,Central,7,9850,1,1,5.7,1,3,1,1.2,3,5.1,16,1,810
2011,Oct,East,6,10250,2,0,0,3,3.7,1,1.8,3,2.6,16,1.8,365.7
2012,Aug,South,3,2000,1,3,6.1,1,0.8,1,1.8,2,7.5,8,6.3,555.6
2011,Jun,North,3,5150,1,0,0,3,1.8,3,1.1,1,1.2,8,3.6,179.3
2015,Dec,East,2,3100,1,1,1.8,2,3.3,1,0.1,2,5.7,9,3.3,281.5
2010,Nov,North,3,1150,1,0,0,1,2.7,3,1.1,2,2.1,7,5.1,231.2
2013,Sep,South,3,6150,1,3,1.6,2,1.8,2,2.6,1,2.2,12,3.5,183.9
2013,Aug,West,3,5800,1,2,7.2,1,2.1,2,5.7,3,6.7,8,6.3,612.8
2010,Jun,East,2,1100,1,2,5.5,2,3.9,1,3.9,1,1.9,10,1.1,101.7
2011,Jun,North,2,5350,1,0,0,3,3.6,1,2.6,2,6.7,10,5.1,211.6
2015,Jan,North,1,1300,1,3,2.1,3,2.1,2,5,3,3.5,9,5,382.2
2013,May,South,3,1300,1,3,1.5,3,1.7,0,0,3,2.3,8,5,511.3
2011,Oct,East,1,5850,1,0,0,2,1.9,1,7.2,1,7.5,11,1.5,308.8
2016,Feb,Central,6,10550,2,3,2.1,3,1.3,1,2,1,2.1,11,2.6,518.5
2010,Nov,East,3,5150,1,0,0,1,3,3,1.1,3,5.6,8,6,212.8
2012,Aug,North,1,2800,1,0,0,1,1.1,0,0,1,1,6,1,105
2012,May,Central,2,2000,1,2,1.1,1,3.3,0,0,2,5.8,8,1,351.7
2015,Nov,South,1,3350,1,0,0,1,3.5,1,1,1,5.1,7,3.2,167.8
2012,Mar,West,1,3650,1,2,1.1,2,3.6,2,1.5,3,1.8,12,6.8,110
2016,Feb,West,1,1500,1,2,1,1,2.1,1,1.8,1,1,6,3.6,363.1
2016,Dec,East,10,11200,1,0,0,1,2.7,5,1.1,8,1.5,19,6.8,171.6
2013,Jun,East,2,5500,1,2,2.2,2,3.5,2,0.5,2,6.9,7,3.2,287.6
2012,Jan,South,6,7200,2,1,3.9,3,5.1,2,2,3,3.1,15,1,676.9
2011,Mar,East,6,13215,2,0,0,3,1.7,7,2.7,3,6,16,7.8,129.5
2011,Jul,Central,3,5150,1,0,0,2,3.1,1,2.7,1,6,8,2.9,215.1
2015,Oct,South,3,8000,1,0,0,2,5,2,2.7,3,5.5,12,1.8,269.9
2011,Aug,North,1,6300,1,1,1.9,3,3.6,3,2,1,1.6,11,2.8,731.1
2011,Feb,South,7,9550,1,3,6.1,1,1.2,1,2.3,3,6.9,15,3.1,886.5
2011,Jan,North,5,6000,2,0,0,3,3.3,6,5.5,3,3.5,13,2.5,376.2
2016,Aug,West,2,5200,1,0,0,2,3.3,1,2.1,2,7.1,7,3.5,178.5
2012,Nov,South,3,2050,1,0,0,2,1.6,2,1.6,1,2.9,7,6.9,223.6
2011,Aug,North,2,1100,1,0,0,1,3.1,1,3.5,2,3.5,10,1.3,203
2011,Apr,East,3,1900,1,2,1.5,2,2,0,0,3,2.9,9,3.5,101.8
2011,Aug,East,3,5200,1,1,6.8,2,2.2,2,2.7,1,7.1,11,5.1,310.9
2010,Dec,East,3,7950,1,0,0,2,2.8,3,1.1,3,1.9,12,2.7,212.5
2011,Jun,South,1,2000,1,0,0,1,1.3,2,2.5,1,3.8,9,5,116.5
2012,Nov,Central,2,3700,1,0,0,1,2.5,2,0.3,1,7.7,6,1.9,222.6
2012,Mar,North,10,12000,2,1,7.1,1,5.1,7,2.5,8,1.5,20,5.1,1051.1
2010,Mar,West,2,2000,1,0,0,2,2.2,2,3.3,2,6.1,9,1.1,117.5
2010,Feb,North,1,2000,1,0,0,2,3,1,1,3,7.7,9,5.9,267.7
2013,Aug,West,3,8350,1,0,0,2,2.8,3,3.2,1,1.7,8,1.3,219.1
2013,Sep,North,3,6000,1,2,6.6,1,1.7,2,2.7,3,5.1,10,5.1,160.1
2016,Apr,East,3,1100,1,0,0,2,2.7,2,2.9,1,3.1,11,5.2,222.1
2015,Mar,Central,5,1700,2,3,6.3,3,2.8,3,5.3,3,1.7,12,1.7,762
2013,Feb,North,8,10250,2,0,0,1,3.7,5,1,3,8.2,17,6.2,503.1
2013,Oct,South,1,1350,1,0,0,3,1.3,1,1.1,3,5.3,13,5,263.5
2015,Jan,East,5,8500,2,0,0,3,1.7,5,1,3,3,13,1.7,317.8
2012,Feb,East,1,1150,1,0,0,2,0.9,1,2.9,1,1.1,9,1.3,231.8
2011,Nov,East,1,6150,1,2,3.9,3,2.2,1,0.6,2,2.1,6,2.1,310.3
2012,Nov,North,3,1800,1,0,0,2,1.2,1,1,3,1.9,12,1.1,200.1
2015,Nov,Central,5,9150,1,3,3.9,2,5.5,5,6.3,3,3.9,11,6.7,625.3
2011,Jun,North,2,1100,1,0,0,2,3.9,1,3.1,3,3.7,7,1,190
2010,Dec,East,3,6750,1,2,6.1,3,1.2,1,1,2,2.6,9,5.3,556.7
2013,Mar,North,1,3350,1,0,0,2,2,3,1.1,3,6.1,10,1.2,291.1
2013,Dec,East,5,5800,2,2,3.5,3,2.3,1,3.7,3,5.7,12,5,506
2013,Jan,West,5,11550,1,0,0,3,1.7,2,1.6,3,3.1,12,1.7,281.3
2012,Jan,West,2,1100,1,0,0,2,1.8,2,1.9,1,6.3,6,3.2,195.1
2016,Nov,North,1,1750,1,0,0,2,2.8,3,3.1,3,3.3,8,1,271.7
2011,Oct,East,2,2000,1,0,0,1,1.6,2,3.6,2,3.8,8,1.2,159.9
2010,Mar,West,7,7800,2,3,7.9,3,3.7,6,2.8,3,1.3,17,7.1,926.8
2016,Nov,South,1,7700,1,3,6.1,2,1.5,2,2.2,3,3.2,12,7.1,700.9
2015,Jun,West,9,10850,1,5,7.3,1,1.6,6,3.3,8,3.5,16,1.3,1250
2012,Jun,Central,5,3600,2,0,0,3,2.3,3,0.1,1,1.1,13,7.1,299.9
2011,Feb,North,1,1550,1,0,0,3,1.5,3,2.7,3,2.9,10,5.6,288.1
2010,Jan,East,1,1750,1,3,1.7,2,3.7,3,3.6,2,1.1,9,1.3,616.2
2011,Aug,East,3,1250,1,3,6.3,2,2.2,0,0,1,2.8,8,1.2,630.5
2010,Mar,West,2,3150,1,0,0,2,3.1,3,2.7,2,7.5,10,1.9,235.8
2013,Dec,South,1,6850,1,0,0,2,3.6,1,2.8,1,1.9,11,5.8,286.1
2011,Nov,West,2,5100,1,2,1,1,2.7,2,0.3,2,1.5,9,3.7,388.1
2012,Dec,East,7,7200,1,3,1.1,3,1.5,6,2.2,3,1,15,5.6,668.7
2010,Dec,South,1,1000,1,3,7.8,2,3.9,3,1.6,2,2.9,10,6.3,781.1
2016,Jun,East,1,1150,1,0,0,1,0.8,1,0.3,1,1.7,10,1.1,188.7
2011,Sep,East,6,9800,2,1,7.2,1,5.3,5,2.1,1,3,16,5.9,1059.6
2013,Jan,West,6,8850,1,0,0,1,2.5,5,2.3,3,1.7,11,5,312.1
2016,Jun,North,6,9150,1,0,0,3,3.1,1,1.8,3,6.1,11,1.8,125.1
2010,Jun,West,7,7100,2,0,0,1,5.2,5,2.1,3,7.5,11,5.1,161.3
2010,Jun,Central,3,3800,1,0,0,2,3.1,2,1.2,1,5.6,9,3.1,215.5
2013,Jan,Central,6,5950,1,0,0,1,3.7,1,1.8,3,6.9,13,2.6,372.8
2011,Dec,South,6,11550,2,1,10.2,3,1.8,3,1.1,3,3.7,15,6.5,1217.2
2011,Aug,West,2,3950,1,3,2.5,2,2.8,1,0.3,2,5.8,7,3.6,353.5
2016,Jul,East,1,1900,1,2,7,2,3.2,3,3.1,1,3.3,10,6.2,511.5
2011,Jul,Central,1,1750,1,0,0,1,1.3,1,2.2,1,1.6,8,5.1,189.5
2011,Apr,North,6,7150,2,0,0,1,2.7,3,2.7,3,5.7,17,1.2,331.6
2011,Jun,West,1,5850,1,0,0,3,1.2,2,3,1,3.7,9,1.8,211.5
2011,May,East,1,11056,2,3,7.9,3,3.3,1,2.7,3,1.7,11,1.8,922.7
2013,Apr,South,2,6100,1,0,0,3,2,2,1.5,2,9.1,6,5.8,191.9
2011,Nov,Central,6,3300,1,0,0,1,3.7,2,0.8,3,5.1,11,5.1,372.8
2011,Nov,North,5,6350,2,2,6.1,1,1.9,1,3.3,3,2.3,13,5.7,583.3
2011,Jul,East,1,6150,1,1,6.1,2,5.1,2,1.7,3,1.9,11,3.6,720.9
2016,Jan,West,3,3600,1,0,0,3,3.7,3,1.8,3,5,7,3.8,270.8
2011,Aug,Central,1,5850,1,3,7.6,2,3.5,2,5.1,3,3.8,9,5.8,816.7
2016,Dec,South,6,11500,2,3,8,3,1.1,3,1.1,3,2.8,16,3.8,911.9
2011,Jun,East,1,3350,1,2,6,2,1.8,5,1,3,5.9,11,1.1,117.6
2013,Aug,West,1,8000,1,2,9.1,2,3.6,3,3.5,1,1.3,15,6.2,682.6
2011,Mar,North,1,5750,1,1,8.2,3,2.9,2,2,1,6.2,11,5,1116.1
2015,Sep,North,5,7150,2,1,5,3,1.8,3,1.5,3,2.9,12,1.2,799.7
2010,Jan,Central,1,1150,1,3,1.8,2,1.6,3,2.1,3,3.1,8,5.1,501.5
2011,Dec,Central,6,5650,1,1,1.7,2,1.2,3,1.5,3,1.8,9,5.5,126.3
2011,Mar,Central,3,3000,1,3,5.5,2,3,2,3,2,3,9,3.3,573.9
2011,Apr,South,3,1850,1,1,5.1,3,1.1,3,1.9,1,1.5,8,5.1,365.1
2013,Apr,West,3,1750,1,0,0,2,1.9,3,0.3,1,2,8,1.9,111.1
2010,Dec,East,5,6650,2,0,0,3,1.6,3,3.6,3,3.6,11,6.1,337.9
2011,Jun,East,3,6750,1,3,9.8,2,2,3,1,2,1.1,9,1.1,799.3
2016,Nov,Central,1,1300,1,2,5.7,3,2,3,1,3,1.2,13,5.5,195.9
2012,Sep,South,1,7050,1,0,0,3,1.1,3,2,1,6.8,11,5.8,320.6
2016,Jun,East,5,8950,1,3,6.8,3,1.1,3,0.7,1,3.1,10,5,765.1
2012,Aug,West,5,8200,1,3,8.8,1,3.1,1,3.5,1,3.7,13,5.5,827.9
2013,Oct,Central,5,17187,1,1,7.6,1,3.9,5,6.3,1,3.1,16,1.2,1156.1
2012,Jan,South,1,6150,1,0,0,2,5.9,3,5.3,3,1.6,11,3,282.9
2012,Jul,West,5,6950,1,0,0,1,3.1,3,2,3,5.6,16,1.9,317.1
2012,Oct,North,5,9200,1,0,0,3,2.3,2,1.8,3,3.6,15,5.2,299.6
2013,Dec,South,6,6150,2,1,5,2,3.5,1,2,1,5.3,11,3.1,691.2
2010,Sep,South,1,8300,1,0,0,3,2.6,2,5.2,1,7,12,2.9,300.9
2013,Aug,West,5,8100,1,3,8.7,3,3.7,2,3.3,1,6.1,11,5.8,938.2
2010,Sep,North,1,2000,1,0,0,2,1.1,1,3.2,1,1.7,9,3.6,221.8
2010,Nov,Central,3,1250,1,3,9.9,3,3.7,3,2.2,2,2.9,7,5.3,856.3
2015,May,East,2,3600,1,0,0,2,3.1,0,0,2,6.5,6,2.8,220
2011,Nov,North,6,8700,2,0,0,3,3.9,5,1.7,1,5.8,13,7,371.7
2015,Dec,East,3,17038,1,0,0,3,3.2,3,6,2,3.7,12,1.9,266.3
2016,Jul,North,2,2000,1,0,0,2,2.9,1,1.1,1,3.2,1,5.2,172.1
2016,Nov,North,1,15025,1,3,5,3,1.1,3,5.2,3,1.8,11,1.1,680.9
2011,Nov,South,5,1650,1,1,1.1,2,3.2,1,1.5,3,3.1,9,1.9,563.5
2011,Mar,West,1,5600,1,2,2.6,3,1.2,1,6.5,3,5.1,11,1.9,119.3
2015,Mar,East,1,2100,1,2,3.9,2,2.8,2,1.3,1,3,1,1.7,387.9
2016,Nov,South,8,11850,1,3,7.6,1,1.1,6,3.8,3,1.1,15,6.6,972.5
2012,May,West,2,2800,1,0,0,2,3.9,3,1.3,2,6.8,8,3.5,202.8
2012,Mar,South,1,5650,1,2,1.1,2,1.9,3,2,1,3.9,11,1.5,531.9
2013,Aug,East,1,1250,1,0,0,1,1.7,1,1.1,3,5.8,13,1,295.9
2010,Jul,West,6,8100,1,3,6.7,2,3.6,1,2.2,1,1.6,12,1.9,712.7
2016,Feb,West,1,8650,1,1,6.5,2,2.3,3,5.3,1,1,12,5.6,921.1
2011,Jan,West,1,18530,2,0,0,3,1.1,1,6.5,1,6.6,12,2.7,327.5
2012,Mar,North,3,3600,1,0,0,2,1.2,2,0.5,2,5.3,7,1.9,162
2016,Jan,West,1,18270,1,0,0,1,2.5,2,7,1,5.1,15,1.9,255.6
2010,Apr,West,1,5500,1,0,0,3,3.7,2,3.9,3,8.3,11,1.6,295.6
2011,Jun,Central,5,8750,1,0,0,2,1.9,5,0.3,3,8.5,13,5.1,325.5
2016,May,West,5,9550,1,0,0,3,3.6,6,1.1,3,6,10,1.6,117.1
2015,Nov,Central,3,6000,1,2,5.1,2,3,1,1.8,3,7.5,9,5.5,187.9
2015,Sep,West,7,12000,1,1,1.8,1,3.9,1,2.9,3,3.7,11,6,816.7
2010,Dec,East,6,6650,1,0,0,1,1.9,5,5.1,3,6.9,15,5.9,175.7
2010,Mar,North,3,1650,1,2,2.8,3,1.5,2,3.8,2,3.5,9,6.8,316
2011,Jun,East,2,1300,1,0,0,1,3.1,0,0,1,1.9,7,1.7,153.5
2013,Feb,South,5,1950,1,1,6.1,3,1.1,3,1.7,1,3,11,1.9,1239.3
2016,Jun,North,9,12000,2,5,7.1,1,6,6,3.6,3,1.5,19,5.3,1250
2011,May,East,3,6950,1,3,1.6,2,2.7,3,3.3,3,3.2,10,5.1,565.5
2010,Apr,North,1,9850,1,0,0,3,1.2,2,3.7,3,6.6,11,6.2,295.9
2016,Sep,East,3,3850,1,3,3.1,2,2.1,2,2.1,3,3.5,8,3.1,152.2
2015,Jun,West,8,11550,2,5,10.5,1,2.8,6,1.9,8,1.7,19,5.8,1250
2012,Nov,West,3,1950,1,2,5.9,2,3.7,1,1.2,2,3.6,10,1.2,518.5
2012,May,West,2,2200,1,2,3.8,1,2.3,1,2.7,1,5.3,1,3.6,333.7
2013,May,South,7,6650,2,0,0,1,3.9,1,1.1,3,5.5,15,5.1,111
2011,Apr,West,2,2500,1,2,3.3,1,3.7,1,1.1,1,1.1,5,3.6,291.8
2016,Aug,Central,3,1900,1,2,6,3,2.9,3,5.3,3,1.1,12,5.1,601.6
2016,Oct,Central,5,8950,1,2,6.6,2,1,5,3.6,1,6.3,10,3.3,628.5
2010,Sep,East,5,6500,1,3,6.7,3,1.2,2,1.2,1,1.1,10,1.5,699.8
2011,May,West,5,7300,1,0,0,2,3.2,1,2.9,3,6.2,10,5.2,319
2012,Mar,Central,3,5750,1,0,0,1,1.1,5,1.9,3,6.7,6,1.2,217.1
2013,Dec,Central,3,3900,1,0,0,2,3.1,2,1.7,2,1.5,9,1.9,193.1
2013,Mar,South,2,3000,1,1,5.7,1,3,2,2.1,3,3.5,9,1.2,319
2012,Feb,Central,1,5800,1,0,0,2,2.5,1,3.3,3,1,8,1.1,282.3
2010,Sep,East,3,1850,1,2,2.3,2,3,2,1.1,3,5.2,11,1.6,323.1
2012,Feb,Central,1,9100,1,2,8.1,3,2.2,2,5,3,1,10,1.9,612.5
2010,May,Central,3,6950,1,0,0,2,2.6,3,3,1,7.9,11,1.2,253.7
2015,Feb,West,1,2850,1,0,0,1,3.3,0,0,2,1,9,3.9,152.1
2010,Jun,East,3,5650,1,0,0,3,2.1,3,3.2,1,3.3,8,6,301.6
2013,Dec,East,1,2650,1,3,3.9,1,1,0,0,2,1.6,7,3.6,392.7
2013,May,East,1,2200,1,2,7.7,1,0.1,1,1.9,1,6.8,7,3.1,181.9
2011,Sep,West,10,12000,1,1,7,1,1.2,6,3.6,9,3.3,20,5.1,1230.3
2012,Sep,North,7,8100,2,3,5.6,3,5.9,3,1.5,3,7,15,1.6,781.1
2011,Apr,North,5,6250,2,3,7.1,1,1.7,2,2.3,3,1.2,11,7.1,811.1
2013,Sep,Central,5,7050,1,1,8.9,1,3.1,3,1.1,3,5.6,13,1,1250
2012,Feb,West,3,6850,1,5,1.1,3,2.9,2,1.1,1,2.2,10,5.6,621.6
2015,Feb,North,3,6800,1,2,2.1,2,2.7,3,3,3,5.1,9,2.9,313.9
2013,Aug,East,3,9500,1,2,6.7,3,3.3,3,0.9,3,2.3,13,3.3,560.2
2011,Oct,North,3,2950,1,0,0,2,2.7,2,1.1,1,6.3,7,3.6,235.1
2013,Nov,Central,1,5750,1,0,0,2,5.9,2,0.8,3,7.3,13,1.6,275.1
2016,Dec,North,1,7600,1,1,3,3,3.8,1,1.1,1,3.2,13,3.9,391
2011,Oct,East,3,5650,1,3,5.2,1,3.8,3,1.3,1,1.9,9,3.7,527.5
2012,Jun,North,10,9800,2,1,12.1,1,3.8,6,5.7,9,6,11,1.9,1250
2016,Apr,West,1,8850,1,5,3.3,3,2.1,3,3,3,5.6,11,1,633.7
2011,Jul,Central,2,1650,1,2,1.1,2,1.3,1,1.8,2,1.6,8,1.7,361
2010,Mar,North,5,5800,2,1,5.1,3,3.6,1,1.3,3,3.9,11,1.8,120.7
2010,Jun,Central,3,5050,1,0,0,2,2.9,2,1.3,2,1.3,9,1.3,238.2
2011,Apr,East,2,7000,1,0,0,3,3.1,1,3.9,3,5.2,7,1.7,230.5
2015,Jun,West,1,3650,1,0,0,2,3.6,2,2.3,1,1.8,5,3.5,115.2
2016,Jul,North,3,9200,1,1,6.2,2,1.1,3,1.5,1,7.3,11,3,102.1
2013,Apr,North,7,5000,1,5,6,1,1.6,3,3.2,3,6.3,15,1.3,1009.6
2012,May,East,1,6700,1,3,7.1,3,3.2,1,3.9,1,2.3,12,5.5,715.2
2015,Apr,South,5,10150,2,0,0,3,3.7,1,3.7,3,7.9,13,1.9,156.8
2011,Jul,Central,1,6250,1,0,0,3,3.2,2,1.2,1,5,9,1.6,293.9
2010,Dec,West,1,5100,1,2,5.1,2,1.8,2,1.7,3,5.7,12,2.9,137.3
2011,Jun,South,1,3700,1,3,1.8,3,2.2,3,0.3,2,6.1,8,3.2,561
2011,Jun,West,3,1250,1,0,0,2,2.1,3,2.8,3,5.7,8,1.1,235.3
2016,Sep,North,7,9600,2,3,7.2,1,3,1,2,3,5.2,15,5.5,801.9
2013,Jan,North,3,1300,1,2,2.2,2,2.5,3,3.7,3,2.9,6,3.5,328.2
2011,Nov,Central,5,9100,1,0,0,3,3.1,1,1.1,1,1.8,12,5,369.9
2011,Mar,North,5,6850,2,0,0,3,3.6,3,2.9,3,2.1,12,5.2,319.1
2013,Jun,Central,1,6800,1,2,2.6,3,5.3,1,2.8,1,6.8,13,7.1,151.1
2011,Sep,North,7,5300,1,1,5.7,1,5.1,5,1.1,3,3.2,16,5.2,965.1
2013,Oct,South,1,5150,1,0,0,2,3.6,3,6.2,3,5.8,9,6.6,322.1
2012,Nov,North,3,1150,1,0,0,2,3.5,1,6.1,1,1.9,13,3.8,230.3
2016,Oct,Central,2,6100,1,0,0,2,2.6,2,1.5,2,6.1,8,1.9,226.1
2016,Dec,North,3,5650,1,3,0.5,2,3.9,1,7.1,1,5.9,10,5.5,301
2011,Jan,West,2,2650,1,0,0,1,2.1,0,0,3,5.1,10,3.2,115.7
2011,Mar,East,10,8800,2,1,8.6,1,3.2,5,3.1,9,7.6,20,5.8,1250
2016,Apr,East,1,3850,1,0,0,2,2.9,3,2.3,3,5.8,11,3.9,291.1
2015,Apr,Central,3,7350,1,2,2.1,1,1,1,0.3,3,3.6,10,1.7,311.9
2011,Sep,North,3,7350,1,0,0,2,3.9,2,6,2,1.7,7,6.3,258.2
2010,May,North,3,1250,1,0,0,3,3.6,1,2.7,3,1.5,9,1.3,202.8
2016,Oct,East,1,8350,1,0,0,3,3.3,1,2.9,3,1.6,13,5.1,303.6
2016,Apr,South,2,3950,1,0,0,2,2.7,1,2.2,3,1.5,7,5.1,209.1
2011,Jan,North,3,5200,1,1,3.8,3,3.5,2,1.1,2,5.3,8,1.5,613.3
2013,May,West,9,10250,1,1,7.7,1,5.1,5,3.3,8,3.2,18,5.1,1013.3
2012,Jan,West,5,5950,2,1,2.8,2,0.5,2,0.1,1,1.3,12,5.1,519.7
2011,May,North,5,7100,2,1,5.9,3,3.8,3,3.3,1,3.2,13,2.9,917.2
2010,Feb,North,2,16771,1,3,10.6,3,3.5,2,2.9,2,1.2,11,3.5,1051.9
2010,May,East,2,3000,1,0,0,1,0.8,2,1.2,3,6.3,7,3.1,212.8
2012,Nov,East,2,2000,1,1,2.9,2,2.7,1,1.3,3,7.8,10,2.8,262.8
2016,Nov,East,3,3600,1,0,0,3,3.7,1,3.3,1,5.1,10,1.7,251.1
2010,Nov,North,1,6550,1,1,9,3,3.1,3,3.9,3,2,9,1.6,910.2
2011,May,Central,5,16053,2,3,6.1,1,2.3,5,3.1,1,6.1,11,5.2,735.5
2012,Dec,East,3,5350,1,0,0,1,5.6,2,5.3,3,2.1,9,6.2,283.6
2010,Feb,South,5,8300,1,1,7.1,3,2.3,3,1.3,3,1.8,11,1.9,921.2
2011,Dec,Central,1,1600,1,0,0,2,1.1,3,2.6,1,5.3,10,1.9,269.8
2010,Aug,West,1,6100,1,2,7.1,3,3,2,2.7,2,7,11,1,511.1
2016,May,Central,1,5050,1,3,6.3,1,5.1,1,3,3,7,10,1.9,710.9
2013,Jul,Central,1,6350,1,1,6.1,3,3,1,6.5,3,2.9,12,3.5,810.9
2013,Mar,West,3,7650,1,0,0,2,2.8,3,2,3,5.3,9,1.1,223.5
2010,Jan,East,2,6050,1,0,0,2,2.7,1,3.1,2,3.8,7,1.1,186.3
2013,Mar,North,1,9300,1,3,6,3,3.6,1,0.3,1,3,11,1.3,679.8
2011,Mar,East,3,7500,1,2,5.1,2,2.9,2,3,3,1.1,11,5,612
2015,Nov,North,5,5750,1,3,7.2,1,3.1,3,6,3,2.7,8,3.8,877
2010,Mar,East,2,3150,1,3,2.1,2,3.1,0,0,1,5.9,10,1.3,309.1
2015,Jul,East,3,7500,1,0,0,2,1.6,2,2.7,1,5.2,7,5.5,261.9
2016,Nov,East,5,8000,2,0,0,2,1.5,3,5,1,1.1,8,1,310.8
2012,Jul,South,2,3600,1,0,0,1,3.3,0,0,2,3.1,7,1.8,161.2
2012,Sep,East,3,1100,1,0,0,2,1.5,2,1.3,1,7,8,2.7,212.2
2011,Apr,Central,3,1350,1,0,0,3,2.3,2,2.5,1,3.9,9,3.7,217
2010,Jun,North,7,8350,1,5,8,3,3.1,5,2.9,3,1.9,15,6.5,1250
2013,Jul,Central,3,3250,1,0,0,3,2.7,1,1.8,3,6.9,7,1.1,273.7
